Wilayah;Kedalaman_m;Kedalaman_qu;Konsistensi
Timur;1;5;VERY SOFT
Timur;2;6;VERY SOFT
Timur;3;5;VERY SOFT
Timur;4;5;VERY SOFT
Timur;5;5;VERY SOFT
Timur;6;4;VERY SOFT
Timur;7;2;VERY SOFT
Timur;8;2;VERY SOFT
Timur;9;4;VERY SOFT
Timur;10;6;VERY SOFT
Timur;11;4;VERY SOFT
Timur;12;5;VERY SOFT
Timur;13;6;VERY SOFT
Timur;14;5;VERY SOFT
Timur;15;5;VERY SOFT
Timur;16;8;VERY SOFT
Timur;17;10;SOFT
Timur;18;90;VERY STIFF
Timur;19;120;VERY STIFF
Timur;20;250;HARD
Selatan;1;10;SOFT
Selatan;2;15;SOFT
Selatan;3;17;SOFT
Selatan;4;23;MEDIUM
Selatan;5;25;MEDIUM
Selatan;6;25;MEDIUM
Selatan;7;31;MEDIUM
Selatan;8;40;STIFF
Selatan;9;45;STIFF
Selatan;10;50;STIFF
Selatan;11;55;STIFF
Selatan;12;53;STIFF
Selatan;13;60;STIFF
Selatan;14;110;VERY STIFF
Selatan;15;250;HARD
Selatan;1;5;SOFT
Selatan;2;10;SOFT
Selatan;3;5;VERY SOFT
Selatan;4;10;SOFT
Selatan;5;10;SOFT
Selatan;6;5;VERY SOFT
Selatan;7;5;VERY SOFT
Selatan;8;4;VERY SOFT
Selatan;9;5;VERY SOFT
Selatan;10;35;MEDIUM
Selatan;11;40;STIFF
Selatan;12;10;SOFT
Selatan;13;15;SOFT
Selatan;14;20;MEDIUM
Selatan;15;25;MEDIUM
Selatan;16;40;STIFF
Selatan;17;40;STIFF
Selatan;18;45;STIFF
Selatan;19;50;STIFF
Selatan;20;50;STIFF
Selatan;21;50;STIFF
Selatan;22;45;STIFF
Selatan;23;70;STIFF
Timur;1;4;VERY SOFT
Timur;2;6;VERY SOFT
Timur;3;5;VERY SOFT
Timur;4;10;SOFT
Timur;5;45;STIFF
Timur;6;30;MEDIUM
Timur;7;20;MEDIUM
Timur;8;30;MEDIUM
Timur;9;35;MEDIUM
Timur;10;50;STIFF
Timur;11;50;STIFF
Timur;12;100;VERY STIFF
Timur;13;145;VERY STIFF
Timur;14;190;HARD
Timur;15;35;MEDIUM
Timur;16;20;MEDIUM
Timur;17;230;HARD
Barat;1;10;SOFT
Barat;2;15;SOFT
Barat;3;20;MEDIUM
Barat;4;40;STIFF
Barat;5;30;MEDIUM
Barat;6;80;VERY STIFF
Barat;7;150;VERY STIFF
Barat;8;120;VERY STIFF
Barat;9;145;VERY STIFF
Barat;10;105;VERY STIFF
Barat;11;120;VERY STIFF
Barat;12;130;VERY STIFF
Barat;13;165;HARD
Barat;14;190;HARD
Barat;1;7;VERY SOFT
Barat;2;8;VERY SOFT
Barat;3;11;SOFT
Barat;4;14;SOFT
Barat;5;20;MEDIUM
Barat;6;30;MEDIUM
Barat;7;40;STIFF
Barat;8;34;MEDIUM
Barat;9;35;MEDIUM
Barat;10;40;STIFF
Barat;11;48;STIFF
Barat;12;60;STIFF
Barat;13;160;HARD
Timur;1;0;VERY SOFT
Timur;2;5;VERY SOFT
Timur;3;35;MEDIUM
Timur;4;10;SOFT
Timur;5;10;SOFT
Timur;6;5;VERY SOFT
Timur;7;7;VERY SOFT
Timur;8;7;VERY SOFT
Timur;9;10;SOFT
Timur;10;10;SOFT
Timur;11;10;SOFT
Timur;12;8;VERY SOFT
Timur;13;70;STIFF
Timur;14;45;STIFF
Timur;1;0;VERY SOFT
Timur;2;4;VERY SOFT
Timur;3;4;VERY SOFT
Timur;4;4;VERY SOFT
Timur;5;3;VERY SOFT
Timur;6;4;VERY SOFT
Timur;7;4;VERY SOFT
Timur;8;5;VERY SOFT
Timur;9;3;VERY SOFT
Timur;10;5;VERY SOFT
Timur;11;6;VERY SOFT
Timur;12;8;VERY SOFT
Timur;13;4;VERY SOFT
Timur;14;20;MEDIUM
Timur;15;20;MEDIUM
Timur;16;35;MEDIUM
Timur;17;40;STIFF
Timur;18;25;MEDIUM
Timur;19;50;STIFF
Timur;20;55;STIFF
Timur;21;65;STIFF
Timur;22;65;STIFF
Timur;23;85;VERY STIFF
Timur;24;100;VERY STIFF
Timur;25;135;VERY STIFF
Timur;1;0;VERY SOFT
Timur;2;5;VERY SOFT
Timur;3;10;SOFT
Timur;4;20;MEDIUM
Timur;5;10;SOFT
Timur;6;10;SOFT
Timur;7;7;VERY SOFT
Timur;8;5;VERY SOFT
Timur;9;6;VERY SOFT
Timur;10;5;VERY SOFT
Timur;11;10;SOFT
Timur;12;10;SOFT
Timur;13;10;SOFT
Timur;14;10;SOFT
Timur;15;15;SOFT
Timur;16;25;MEDIUM
Timur;17;60;STIFF
Timur;18;55;STIFF
Timur;19;75;STIFF
Timur;20;250;HARD
Selatan;1;10;MEDIUM
Selatan;2;25;MEDIUM
Selatan;3;15;SOFT
Selatan;4;10;SOFT
Selatan;5;5;VERY SOFT
Selatan;6;4;VERY SOFT
Selatan;7;7;VERY SOFT
Selatan;8;5;VERY SOFT
Selatan;9;7;VERY SOFT
Selatan;10;10;SOFT
Selatan;11;15;SOFT
Selatan;12;120;VERY STIFF
Selatan;13;35;MEDIUM
Selatan;14;85;VERY STIFF
Timur;1;0;STIFF
Timur;2;40;STIFF
Timur;3;30;MEDIUM
Timur;4;20;MEDIUM
Timur;5;50;STIFF
Timur;6;70;STIFF
Timur;7;35;MEDIUM
Timur;8;40;STIFF
Timur;9;15;SOFT
Timur;10;25;MEDIUM
Timur;11;70;STIFF
Timur;12;115;VERY STIFF
Timur;13;60;STIFF
Timur;14;50;STIFF
Timur;15;25;MEDIUM
Timur;16;35;MEDIUM
Timur;17;25;MEDIUM
Timur;18;25;MEDIUM
Timur;19;20;MEDIUM
Timur;20;25;MEDIUM
Timur;21;50;STIFF
Timur;22;55;STIFF
Timur;23;70;STIFF
Timur;24;85;VERY STIFF
Barat;1;0;VERY SOFT
Barat;2;5;VERY SOFT
Barat;3;3;VERY SOFT
Barat;4;5;VERY SOFT
Barat;5;2;VERY SOFT
Barat;6;5;VERY SOFT
Barat;7;4;VERY SOFT
Barat;8;15;SOFT
Barat;9;65;STIFF
Barat;10;65;STIFF
Barat;11;45;STIFF
Barat;12;35;MEDIUM
Barat;13;65;STIFF
Barat;14;45;STIFF
Barat;15;45;STIFF
Barat;16;250;HARD
Timur;1;12;VERY SOFT
Timur;2;5;VERY SOFT
Timur;3;3;VERY SOFT
Timur;4;4;VERY SOFT
Timur;5;3;VERY SOFT
Timur;6;2;VERY SOFT
Timur;7;4;VERY SOFT
Timur;8;5;VERY SOFT
Timur;9;4;VERY SOFT
Timur;10;20;MEDIUM
Timur;11;40;STIFF
Timur;12;10;SOFT
Timur;13;15;SOFT
Timur;14;10;SOFT
Timur;15;15;SOFT
Timur;16;20;MEDIUM
Timur;17;20;MEDIUM
Timur;18;30;MEDIUM
Timur;19;60;STIFF
Timur;20;55;STIFF
Timur;21;65;STIFF
Timur;22;65;STIFF
Timur;23;70;STIFF
Timur;24;70;STIFF
Timur;25;75;STIFF
Utara;1;0;VERY SOFT
Utara;2;3;VERY SOFT
Utara;3;3;VERY SOFT
Utara;4;5;VERY SOFT
Utara;5;4;VERY SOFT
Utara;6;10;SOFT
Utara;7;15;SOFT
Utara;8;10;SOFT
Utara;9;10;SOFT
Utara;10;5;VERY SOFT
Utara;11;180;HARD
Selatan;1;0;SOFT
Selatan;2;10;SOFT
Selatan;3;15;SOFT
Selatan;4;20;MEDIUM
Selatan;5;25;MEDIUM
Selatan;6;20;MEDIUM
Selatan;7;25;MEDIUM
Selatan;8;30;MEDIUM
Selatan;9;45;STIFF
Selatan;10;45;STIFF
Selatan;11;45;STIFF
Selatan;12;50;STIFF
Selatan;13;55;STIFF
Selatan;14;50;STIFF
Selatan;15;50;STIFF
Selatan;16;60;STIFF
Selatan;17;65;STIFF
Selatan;18;75;STIFF
Selatan;1;10;STIFF
Selatan;2;50;STIFF
Selatan;3;10;SOFT
Selatan;4;5;VERY SOFT
Selatan;5;55;STIFF
Selatan;6;15;SOFT
Selatan;7;10;SOFT
Selatan;8;10;SOFT
Selatan;9;8;VERY SOFT
Selatan;10;10;SOFT
Selatan;11;15;SOFT
Selatan;12;15;SOFT
Selatan;13;20;MEDIUM
Selatan;14;20;MEDIUM
Selatan;15;30;MEDIUM
Selatan;16;35;MEDIUM
Selatan;17;40;STIFF
Selatan;18;35;MEDIUM
Selatan;19;60;STIFF
Selatan;20;50;STIFF
Selatan;21;55;STIFF
Selatan;22;60;STIFF
Timur;1;0;VERY SOFT
Timur;2;5;VERY SOFT
Timur;3;4;VERY SOFT
Timur;4;6;VERY SOFT
Timur;5;3;VERY SOFT
Timur;6;5;VERY SOFT
Timur;7;4;VERY SOFT
Timur;8;5;VERY SOFT
Timur;9;8;VERY SOFT
Timur;10;6;VERY SOFT
Timur;11;250;HARD
Timur;1;0;MEDIUM
Timur;2;20;MEDIUM
Timur;3;3;VERY SOFT
Timur;4;6;VERY SOFT
Timur;5;5;VERY SOFT
Timur;6;10;SOFT
Timur;7;4;VERY SOFT
Timur;8;6;VERY SOFT
Timur;9;5;VERY SOFT
Timur;10;10;SOFT
Timur;11;15;SOFT
Timur;12;15;SOFT
Timur;13;10;SOFT
Timur;14;20;MEDIUM
Timur;15;10;SOFT
Timur;16;40;STIFF
Utara;1;0;VERY SOFT
Utara;2;0;VERY SOFT
Utara;3;4;VERY SOFT
Utara;4;5;VERY SOFT
Utara;5;3;VERY SOFT
Utara;6;4;VERY SOFT
Utara;7;6;VERY SOFT
Utara;8;7;VERY SOFT
Utara;9;6;VERY SOFT
Utara;10;8;VERY SOFT
Utara;11;55;STIFF
Utara;12;80;VERY STIFF
Utara;13;100;VERY STIFF
Utara;14;65;STIFF
Utara;15;50;STIFF
Utara;16;65;STIFF
Utara;17;45;STIFF
Utara;18;75;STIFF
Utara;19;85;VERY STIFF
Utara;20;95;VERY STIFF
Utara;21;85;VERY STIFF
Utara;22;110;VERY STIFF
Barat;1;2;VERY SOFT
Barat;2;5;VERY SOFT
Barat;3;15;SOFT
Barat;4;25;MEDIUM
Barat;5;50;STIFF
Barat;6;50;STIFF
Barat;7;65;STIFF
Barat;8;60;STIFF
Barat;9;80;VERY STIFF
Barat;10;55;STIFF
Barat;11;50;STIFF
Barat;12;80;VERY STIFF
Barat;13;100;VERY STIFF
Barat;14;120;VERY STIFF
Barat;15;155;HARD
Barat;1;3;VERY SOFT
Barat;2;3;VERY SOFT
Barat;3;2;VERY SOFT
Barat;4;4;VERY SOFT
Barat;5;4;VERY SOFT
Barat;6;25;MEDIUM
Barat;7;40;STIFF
Barat;8;40;STIFF
Barat;9;50;STIFF
Barat;10;150;VERY STIFF
Utara;1;2;VERY SOFT
Utara;2;3;VERY SOFT
Utara;3;2;VERY SOFT
Utara;4;4;VERY SOFT
Utara;5;4;VERY SOFT
Utara;6;4;VERY SOFT
Utara;7;5;VERY SOFT
Utara;8;4;VERY SOFT
Utara;9;2;VERY SOFT
Utara;10;6;VERY SOFT
Utara;11;8;VERY SOFT
Utara;12;15;SOFT
Utara;13;20;MEDIUM
Utara;14;20;MEDIUM
Utara;15;35;MEDIUM
Utara;16;35;MEDIUM
Utara;17;35;MEDIUM
Utara;18;40;STIFF
Utara;19;35;MEDIUM
Utara;20;40;STIFF
Utara;21;50;STIFF
Utara;22;55;STIFF
Utara;23;55;STIFF
Utara;24;45;STIFF
Utara;25;60;STIFF
Timur;2;3;VERY SOFT
Timur;3;2;VERY SOFT
Timur;4;5;VERY SOFT
Timur;5;4;VERY SOFT
Timur;6;2;VERY SOFT
Timur;7;4;VERY SOFT
Timur;8;3;VERY SOFT
Timur;9;4;VERY SOFT
Timur;10;5;VERY SOFT
Timur;11;5;VERY SOFT
Timur;12;4;VERY SOFT
Timur;13;10;SOFT
Timur;14;20;MEDIUM
Timur;15;25;MEDIUM
Timur;16;45;STIFF
Timur;17;75;STIFF
Timur;18;85;VERY STIFF
Timur;19;250;HARD
Timur;1;5;VERY SOFT
Timur;2;6;VERY SOFT
Timur;3;5;VERY SOFT
Timur;4;15;SOFT
Timur;5;10;SOFT
Timur;6;7;VERY SOFT
Timur;7;10;SOFT
Timur;8;8;VERY SOFT
Timur;9;10;SOFT
Timur;10;11;SOFT
Timur;11;10;SOFT
Timur;12;15;SOFT
Timur;13;15;SOFT
Timur;14;40;STIFF
Timur;15;250;HARD
Timur;1;10;SOFT
Timur;2;10;SOFT
Timur;3;15;SOFT
Timur;4;35;MEDIUM
Timur;5;20;MEDIUM
Timur;6;30;MEDIUM
Timur;7;15;SOFT
Timur;8;15;SOFT
Timur;9;15;SOFT
Timur;10;13;SOFT
Timur;11;10;SOFT
Timur;12;15;SOFT
Timur;13;15;SOFT
Timur;14;30;MEDIUM
Timur;15;180;HARD
Selatan;1;0;SOFT
Selatan;2;10;SOFT
Selatan;3;70;STIFF
Selatan;4;75;STIFF
Selatan;5;85;VERY STIFF
Selatan;6;55;STIFF
Selatan;7;120;VERY STIFF
Selatan;8;20;MEDIUM
Selatan;9;15;SOFT
Selatan;10;60;STIFF
Selatan;11;120;VERY STIFF
Selatan;12;120;VERY STIFF
Selatan;13;130;VERY STIFF
Selatan;1;10;SOFT
Selatan;2;10;SOFT
Selatan;3;15;SOFT
Selatan;4;20;MEDIUM
Selatan;5;25;MEDIUM
Selatan;6;25;MEDIUM
Selatan;7;40;STIFF
Selatan;8;50;STIFF
Selatan;9;65;STIFF
Selatan;10;75;STIFF
Selatan;11;80;VERY STIFF
Selatan;12;90;VERY STIFF
Selatan;13;85;VERY STIFF
Selatan;14;100;VERY STIFF
Selatan;1;20;SOFT
Selatan;2;10;SOFT
Selatan;3;10;SOFT
Selatan;4;15;SOFT
Selatan;5;10;SOFT
Selatan;6;8;VERY SOFT
Selatan;7;6;VERY SOFT
Selatan;8;8;VERY SOFT
Selatan;9;6;VERY SOFT
Selatan;10;10;SOFT
Selatan;11;10;SOFT
Selatan;12;12;SOFT
Selatan;13;10;SOFT
Selatan;14;13;SOFT
Selatan;15;10;SOFT
Selatan;16;15;SOFT
Selatan;17;15;SOFT
Selatan;18;15;SOFT
Selatan;19;15;SOFT
Selatan;20;30;MEDIUM
Selatan;21;30;MEDIUM
Selatan;22;35;MEDIUM
Selatan;23;180;HARD
Timur;1;20;MEDIUM
Timur;2;30;MEDIUM
Timur;3;25;MEDIUM
Timur;4;20;MEDIUM
Timur;5;40;STIFF
Timur;6;20;MEDIUM
Timur;7;10;SOFT
Timur;8;10;SOFT
Timur;9;5;VERY SOFT
Timur;10;10;SOFT
Timur;11;10;SOFT
Timur;12;10;SOFT
Timur;13;10;SOFT
Timur;14;10;SOFT
Timur;15;15;SOFT
Timur;16;15;SOFT
Timur;17;20;MEDIUM
Timur;18;25;MEDIUM
Timur;19;45;STIFF
Timur;20;250;HARD
Utara;1;15;VERY SOFT
Utara;2;7;VERY SOFT
Utara;3;20;MEDIUM
Utara;4;20;MEDIUM
Utara;5;20;MEDIUM
Utara;6;50;STIFF
Utara;7;20;MEDIUM
Utara;8;40;STIFF
Utara;9;70;STIFF
Utara;10;90;VERY STIFF
Utara;11;85;VERY STIFF
Utara;12;80;VERY STIFF
Utara;13;55;STIFF
Utara;14;100;VERY STIFF
Utara;15;90;VERY STIFF
Utara;16;100;VERY STIFF
Utara;17;250;HARD
Timur;1;0;SOFT
Timur;2;10;SOFT
Timur;3;13;SOFT
Timur;4;10;SOFT
Timur;5;15;SOFT
Timur;6;5;VERY SOFT
Timur;7;7;VERY SOFT
Timur;8;6;VERY SOFT
Timur;9;8;VERY SOFT
Timur;10;10;SOFT
Timur;11;13;SOFT
Timur;12;10;SOFT
Timur;13;15;SOFT
Timur;14;15;SOFT
Timur;15;15;SOFT
Timur;16;13;SOFT
Timur;17;15;SOFT
Timur;18;15;SOFT
Timur;19;25;MEDIUM
Timur;20;50;STIFF
Timur;21;40;STIFF
Timur;22;55;STIFF
Timur;23;60;STIFF
Timur;24;65;STIFF
Timur;25;75;STIFF
Timur;26;80;VERY STIFF
Selatan;1;0;SOFT
Selatan;2;10;SOFT
Selatan;3;13;SOFT
Selatan;4;7;VERY SOFT
Selatan;5;5;VERY SOFT
Selatan;6;6;VERY SOFT
Selatan;7;5;VERY SOFT
Selatan;8;7;VERY SOFT
Selatan;9;10;SOFT
Selatan;10;7;VERY SOFT
Selatan;11;10;SOFT
Selatan;12;10;SOFT
Selatan;13;10;SOFT
Selatan;14;15;SOFT
Barat;1;8;SOFT
Barat;2;15;SOFT
Barat;3;25;MEDIUM
Barat;4;20;MEDIUM
Barat;5;25;MEDIUM
Barat;6;30;MEDIUM
Barat;7;35;MEDIUM
Barat;8;55;STIFF
Barat;9;55;STIFF
Barat;10;85;VERY STIFF
Barat;11;80;VERY STIFF
Barat;12;120;VERY STIFF
Barat;13;100;VERY STIFF
Barat;14;120;VERY STIFF
Barat;15;125;VERY STIFF
Selatan;1;13;SOFT
Selatan;2;15;SOFT
Selatan;3;20;MEDIUM
Selatan;4;20;MEDIUM
Selatan;5;25;MEDIUM
Selatan;6;30;MEDIUM
Selatan;7;35;MEDIUM
Selatan;8;30;MEDIUM
Selatan;9;45;STIFF
Selatan;10;45;STIFF
Selatan;11;65;STIFF
Selatan;12;60;STIFF
Selatan;13;70;STIFF
Selatan;14;65;STIFF
Selatan;15;75;STIFF
Selatan;1;15;SOFT
Selatan;2;15;SOFT
Selatan;3;20;MEDIUM
Selatan;4;15;SOFT
Selatan;5;35;MEDIUM
Selatan;6;50;STIFF
Selatan;7;35;MEDIUM
Selatan;8;250;HARD
Barat;1;10;SOFT
Barat;2;10;SOFT
Barat;3;15;SOFT
Barat;4;15;SOFT
Barat;5;35;MEDIUM
Barat;6;50;STIFF
Barat;7;40;STIFF
Barat;8;65;STIFF
Barat;9;140;VERY STIFF
Barat;10;130;VERY STIFF
Barat;11;90;VERY STIFF
Barat;12;250;HARD
Selatan;1;10;SOFT
Selatan;2;10;SOFT
Selatan;3;15;SOFT
Selatan;4;20;MEDIUM
Selatan;5;50;STIFF
Selatan;6;45;STIFF
Selatan;7;40;STIFF
Selatan;8;60;STIFF
Selatan;9;40;STIFF
Selatan;10;50;STIFF
Selatan;11;50;STIFF
Selatan;12;70;STIFF
Selatan;13;95;VERY STIFF
Utara;1;2;VERY SOFT
Utara;2;3;VERY SOFT
Utara;3;2;VERY SOFT
Utara;4;2;VERY SOFT
Utara;5;3;VERY SOFT
Utara;6;10;SOFT
Utara;7;35;MEDIUM
Utara;8;40;STIFF
Utara;9;55;STIFF
Utara;10;170;HARD
Barat;1;5;VERY SOFT
Barat;2;2;VERY SOFT
Barat;3;4;VERY SOFT
Barat;4;30;MEDIUM
Barat;5;30;MEDIUM
Barat;6;55;STIFF
Barat;7;65;STIFF
Barat;8;60;STIFF
Barat;9;65;STIFF
Barat;10;80;VERY STIFF
Utara;1;3;VERY SOFT
Utara;2;2;VERY SOFT
Utara;3;4;VERY SOFT
Utara;4;2;VERY SOFT
Utara;5;4;VERY SOFT
Utara;6;5;VERY SOFT
Utara;7;10;SOFT
Utara;8;35;MEDIUM
Utara;9;150;VERY STIFF
Selatan;1;30;MEDIUM
Selatan;2;10;SOFT
Selatan;3;10;SOFT
Selatan;4;10;SOFT
Selatan;5;70;STIFF
Selatan;6;15;SOFT
Selatan;7;12;SOFT
Selatan;8;65;STIFF
Selatan;9;60;STIFF
Selatan;10;85;VERY STIFF
Selatan;11;90;VERY STIFF
Selatan;12;105;VERY STIFF
Selatan;13;105;VERY STIFF
Selatan;14;110;VERY STIFF
Selatan;15;110;VERY STIFF
Selatan;16;110;VERY STIFF
Selatan;17;120;VERY STIFF
Timur;1;10;SOFT
Timur;2;10;SOFT
Timur;3;5;VERY SOFT
Timur;4;20;MEDIUM
Timur;5;15;SOFT
Timur;6;70;STIFF
Timur;7;50;STIFF
Timur;8;25;MEDIUM
Timur;9;20;MEDIUM
Timur;10;20;MEDIUM
Timur;11;25;MEDIUM
Timur;12;25;MEDIUM
Timur;13;20;MEDIUM
Timur;14;25;MEDIUM
Timur;15;30;MEDIUM
Timur;16;20;MEDIUM
Timur;17;25;MEDIUM
Timur;18;30;MEDIUM
Timur;19;50;STIFF
Timur;20;70;STIFF
Timur;21;85;VERY STIFF
Timur;1;5;VERY SOFT
Timur;2;5;VERY SOFT
Timur;3;4;VERY SOFT
Timur;4;6;VERY SOFT
Timur;5;4;VERY SOFT
Timur;6;10;SOFT
Timur;7;25;MEDIUM
Timur;8;20;MEDIUM
Timur;9;20;MEDIUM
Timur;10;15;SOFT
Timur;11;10;SOFT
Timur;12;15;SOFT
Timur;13;45;STIFF
Timur;14;50;STIFF
Timur;15;35;MEDIUM
Timur;16;80;VERY STIFF
Timur;17;125;VERY STIFF
Timur;18;250;HARD
Selatan;1;5;VERY SOFT
Selatan;2;10;SOFT
Selatan;3;18;SOFT
Selatan;4;23;MEDIUM
Selatan;5;80;VERY STIFF
Selatan;6;30;MEDIUM
Selatan;7;45;STIFF
Selatan;8;43;STIFF
Selatan;9;47;STIFF
Selatan;10;60;STIFF
Selatan;11;250;HARD
Selatan;1;5;VERY SOFT
Selatan;2;5;VERY SOFT
Selatan;3;15;SOFT
Selatan;4;10;SOFT
Selatan;5;10;SOFT
Selatan;6;10;SOFT
Selatan;7;10;SOFT
Selatan;8;10;SOFT
Selatan;9;5;VERY SOFT
Selatan;10;7;VERY SOFT
Selatan;11;5;VERY SOFT
Selatan;12;7;VERY SOFT
Selatan;13;5;VERY SOFT
Selatan;14;5;VERY SOFT
Selatan;15;10;SOFT
Selatan;16;10;SOFT
Selatan;17;10;SOFT
Selatan;18;15;SOFT
Selatan;19;15;SOFT
Selatan;20;10;SOFT
Selatan;21;20;MEDIUM
Selatan;22;30;MEDIUM
Selatan;23;25;MEDIUM
Barat;2;5;VERY SOFT
Barat;3;4;VERY SOFT
Barat;4;3;VERY SOFT
Barat;5;5;VERY SOFT
Barat;6;5;VERY SOFT
Barat;7;4;VERY SOFT
Barat;8;4;VERY SOFT
Barat;9;5;VERY SOFT
Barat;10;5;VERY SOFT
Barat;11;60;STIFF
Barat;12;65;STIFF
Barat;13;110;VERY STIFF
Barat;2;3;VERY SOFT
Barat;3;3;VERY SOFT
Barat;4;2;VERY SOFT
Barat;5;4;VERY SOFT
Barat;6;2;VERY SOFT
Barat;7;4;VERY SOFT
Barat;8;5;VERY SOFT
Barat;9;8;VERY SOFT
Barat;10;10;SOFT
Barat;11;55;STIFF
Barat;12;65;STIFF
Barat;13;65;STIFF
Barat;14;250;HARD
Barat;2;2;VERY SOFT
Barat;3;3;VERY SOFT
Barat;4;4;VERY SOFT
Barat;5;6;VERY SOFT
Barat;6;5;VERY SOFT
Barat;7;6;VERY SOFT
Barat;8;50;STIFF
Barat;9;65;STIFF
Barat;10;45;STIFF
Barat;11;50;STIFF
Timur;1;3;VERY SOFT
Timur;2;3;VERY SOFT
Timur;3;6;VERY SOFT
Timur;4;5;VERY SOFT
Timur;5;5;VERY SOFT
Timur;6;80;VERY STIFF
Timur;7;110;VERY STIFF
Timur;8;100;VERY STIFF
Timur;9;55;STIFF
Timur;10;60;STIFF
Timur;11;100;VERY STIFF
Timur;12;100;VERY STIFF
Timur;13;60;STIFF
Timur;14;55;STIFF
Timur;15;55;STIFF
Timur;16;50;STIFF
Timur;17;50;STIFF
Timur;18;55;STIFF
Timur;19;65;STIFF
Timur;1;3;VERY SOFT
Timur;2;3;VERY SOFT
Timur;3;6;VERY SOFT
Timur;4;5;VERY SOFT
Timur;5;5;VERY SOFT
Timur;6;80;VERY STIFF
Timur;7;110;VERY STIFF
Timur;8;100;VERY STIFF
Timur;9;55;STIFF
Timur;10;60;STIFF
Timur;11;100;VERY STIFF
Timur;12;100;VERY STIFF
Timur;13;60;STIFF
Timur;14;55;STIFF
Timur;15;55;STIFF
Timur;16;50;STIFF
Timur;17;50;STIFF
Timur;18;55;STIFF
Timur;19;65;STIFF
Timur;1;5;VERY SOFT
Timur;2;5;VERY SOFT
Timur;3;6;VERY SOFT
Timur;4;4;VERY SOFT
Timur;5;3;VERY SOFT
Timur;6;6;VERY SOFT
Timur;7;8;VERY SOFT
Timur;8;5;VERY SOFT
Timur;9;100;VERY STIFF
Timur;10;90;VERY STIFF
Timur;11;100;VERY STIFF
Timur;12;90;VERY STIFF
Timur;13;85;VERY STIFF
Timur;14;100;VERY STIFF
Timur;15;75;STIFF
Timur;16;65;STIFF
Timur;17;80;VERY STIFF
Timur;18;250;HARD
Timur;1;5;VERY SOFT
Timur;2;5;VERY SOFT
Timur;3;6;VERY SOFT
Timur;4;4;VERY SOFT
Timur;5;3;VERY SOFT
Timur;6;6;VERY SOFT
Timur;7;8;VERY SOFT
Timur;8;5;VERY SOFT
Timur;9;100;VERY STIFF
Timur;10;90;VERY STIFF
Timur;11;100;VERY STIFF
Timur;12;90;VERY STIFF
Timur;13;85;VERY STIFF
Timur;14;100;VERY STIFF
Timur;15;75;STIFF
Timur;16;65;STIFF
Timur;17;80;VERY STIFF
Timur;18;250;HARD
Timur;1;5;VERY SOFT
Timur;2;5;VERY SOFT
Timur;3;7;VERY SOFT
Timur;4;5;VERY SOFT
Timur;5;3;VERY SOFT
Timur;6;5;VERY SOFT
Timur;7;3;VERY SOFT
Timur;8;7;VERY SOFT
Timur;9;5;VERY SOFT
Timur;10;4;VERY SOFT
Timur;11;65;STIFF
Timur;12;55;STIFF
Timur;13;50;STIFF
Timur;14;30;MEDIUM
Timur;15;40;STIFF
Timur;16;55;STIFF
Timur;17;110;VERY STIFF
Timur;18;100;VERY STIFF
Timur;19;165;HARD
Timur;1;2;VERY SOFT
Timur;2;10;SOFT
Timur;3;7;VERY SOFT
Timur;4;7;VERY SOFT
Timur;5;4;VERY SOFT
Timur;6;5;VERY SOFT
Timur;7;7;VERY SOFT
Timur;8;5;VERY SOFT
Timur;9;7;VERY SOFT
Timur;10;40;STIFF
Timur;11;80;VERY STIFF
Utara;1;10;SOFT
Utara;2;15;SOFT
Utara;3;45;STIFF
Utara;4;65;STIFF
Utara;5;130;VERY STIFF
Utara;6;100;VERY STIFF
Utara;7;10;SOFT
Utara;8;10;SOFT
Utara;9;10;SOFT
Utara;10;15;SOFT
Utara;11;15;SOFT
Utara;12;15;SOFT
Utara;13;15;SOFT
Utara;14;20;MEDIUM
Utara;15;15;SOFT
Utara;16;150;VERY STIFF
Utara;1;15;SOFT
Utara;2;15;SOFT
Utara;3;45;STIFF
Utara;4;65;STIFF
Utara;5;130;VERY STIFF
Utara;6;100;VERY STIFF
Utara;7;10;SOFT
Utara;8;10;SOFT
Utara;9;10;SOFT
Utara;10;15;SOFT
Utara;11;15;SOFT
Utara;12;15;SOFT
Utara;13;15;SOFT
Utara;14;20;MEDIUM
Utara;15;15;SOFT
Utara;16;150;VERY STIFF
Selatan;1;7;VERY SOFT
Selatan;2;5;VERY SOFT
Selatan;3;3;VERY SOFT
Selatan;4;2;VERY SOFT
Selatan;5;2;VERY SOFT
Selatan;6;5;VERY SOFT
Selatan;7;2;VERY SOFT
Selatan;8;3;VERY SOFT
Selatan;9;3;VERY SOFT
Selatan;10;5;VERY SOFT
Selatan;11;110;VERY STIFF
Selatan;12;150;VERY STIFF
Selatan;13;100;VERY STIFF
Selatan;14;180;HARD
Selatan;1;5;VERY SOFT
Selatan;2;5;VERY SOFT
Selatan;3;3;VERY SOFT
Selatan;4;2;VERY SOFT
Selatan;5;3;VERY SOFT
Selatan;6;5;VERY SOFT
Selatan;7;5;VERY SOFT
Selatan;8;3;VERY SOFT
Selatan;9;4;VERY SOFT
Selatan;10;7;VERY SOFT
Selatan;11;3;VERY SOFT
Selatan;12;25;MEDIUM
Selatan;13;40;STIFF
Selatan;14;25;MEDIUM
Selatan;15;40;STIFF
Selatan;16;15;SOFT
Selatan;17;13;SOFT
Selatan;18;35;MEDIUM
Selatan;19;30;MEDIUM
Selatan;20;30;MEDIUM
Selatan;21;35;MEDIUM
Selatan;22;30;MEDIUM
Selatan;23;25;MEDIUM
Selatan;24;20;MEDIUM
Selatan;25;30;MEDIUM
Utara;1;5;VERY SOFT
Utara;2;2;VERY SOFT
Utara;3;7;VERY SOFT
Utara;4;4;VERY SOFT
Utara;5;3;VERY SOFT
Utara;6;5;VERY SOFT
Utara;7;7;VERY SOFT
Utara;8;8;VERY SOFT
Utara;9;15;SOFT
Utara;10;65;STIFF
Utara;11;110;VERY STIFF
Utara;12;100;VERY STIFF
Utara;13;100;VERY STIFF
Utara;14;100;VERY STIFF
Utara;15;90;VERY STIFF
Utara;16;40;STIFF
Utara;2;20;MEDIUM
Utara;3;5;VERY SOFT
Utara;4;5;VERY SOFT
Utara;5;4;VERY SOFT
Utara;6;6;VERY SOFT
Utara;7;4;VERY SOFT
Utara;8;7;VERY SOFT
Utara;9;5;VERY SOFT
Utara;10;60;STIFF
Utara;11;55;STIFF
Utara;12;100;VERY STIFF
Utara;13;100;VERY STIFF
Utara;14;150;VERY STIFF
Utara;15;100;VERY STIFF
Utara;16;65;STIFF
Utara;17;95;VERY STIFF
Utara;2;2;VERY SOFT
Utara;3;7;VERY SOFT
Utara;4;4;VERY SOFT
Utara;5;3;VERY SOFT
Utara;6;5;VERY SOFT
Utara;7;7;VERY SOFT
Utara;8;8;VERY SOFT
Utara;9;15;SOFT
Utara;10;65;STIFF
Utara;11;110;VERY STIFF
Utara;12;100;VERY STIFF
Utara;13;100;VERY STIFF
Utara;14;100;VERY STIFF
Utara;15;90;VERY STIFF
Utara;16;40;STIFF
Utara;2;20;MEDIUM
Utara;3;5;VERY SOFT
Utara;4;5;VERY SOFT
Utara;5;4;VERY SOFT
Utara;6;6;VERY SOFT
Utara;7;4;VERY SOFT
Utara;8;7;VERY SOFT
Utara;9;5;VERY SOFT
Utara;10;60;STIFF
Utara;11;55;STIFF
Utara;12;100;VERY STIFF
Utara;13;100;VERY STIFF
Utara;14;150;VERY STIFF
Utara;15;100;VERY STIFF
Utara;16;65;STIFF
Utara;17;95;VERY STIFF
Utara;1;5;VERY SOFT
Utara;2;5;VERY SOFT
Utara;3;2;VERY SOFT
Utara;4;3;VERY SOFT
Utara;5;2;VERY SOFT
Utara;6;5;VERY SOFT
Utara;7;5;VERY SOFT
Utara;8;4;VERY SOFT
Utara;9;35;MEDIUM
Utara;10;65;STIFF
Utara;11;135;VERY STIFF
Utara;1;7;VERY SOFT
Utara;2;7;VERY SOFT
Utara;3;5;VERY SOFT
Utara;4;4;VERY SOFT
Utara;5;5;VERY SOFT
Utara;6;4;VERY SOFT
Utara;7;8;VERY SOFT
Utara;8;10;SOFT
Utara;9;40;STIFF
Utara;10;75;STIFF
Utara;11;75;STIFF
Utara;12;90;VERY STIFF
Utara;13;65;STIFF
Utara;14;60;STIFF
Utara;15;125;VERY STIFF
Utara;16;135;VERY STIFF
Utara;17;150;VERY STIFF
Utara;18;115;VERY STIFF
Utara;19;65;STIFF
Utara;20;250;HARD
Utara;1;7;VERY SOFT
Utara;2;5;VERY SOFT
Utara;3;3;VERY SOFT
Utara;4;2;VERY SOFT
Utara;5;5;VERY SOFT
Utara;6;3;VERY SOFT
Utara;7;5;VERY SOFT
Utara;8;20;MEDIUM
Utara;9;50;STIFF
Utara;10;55;STIFF
Utara;11;185;HARD
Utara;1;10;SOFT
Utara;2;4;VERY SOFT
Utara;3;3;VERY SOFT
Utara;4;5;VERY SOFT
Utara;5;3;VERY SOFT
Utara;6;3;VERY SOFT
Utara;7;3;VERY SOFT
Utara;8;5;VERY SOFT
Utara;9;8;VERY SOFT
Utara;10;5;VERY SOFT
Utara;11;5;VERY SOFT
Utara;12;3;VERY SOFT
Utara;13;4;VERY SOFT
Utara;14;10;SOFT
Utara;15;5;VERY SOFT
Utara;16;110;VERY STIFF
Utara;17;90;VERY STIFF
Utara;18;170;HARD
Timur;1;5;VERY SOFT
Timur;2;4;VERY SOFT
Timur;3;2;VERY SOFT
Timur;4;2;VERY SOFT
Timur;5;3;VERY SOFT
Timur;6;3;VERY SOFT
Timur;7;2;VERY SOFT
Timur;8;4;VERY SOFT
Timur;9;3;VERY SOFT
Timur;10;2;VERY SOFT
Timur;11;2;VERY SOFT
Timur;12;15;SOFT
Timur;13;10;SOFT
Timur;14;5;VERY SOFT
Timur;15;4;VERY SOFT
Timur;16;5;VERY SOFT
Timur;17;15;SOFT
Timur;18;15;SOFT
Timur;19;15;SOFT
Timur;20;15;SOFT
Timur;21;25;MEDIUM
Timur;22;30;MEDIUM
Timur;23;15;SOFT
Timur;24;30;MEDIUM
Timur;25;55;STIFF
Timur;26;60;STIFF
Timur;27;40;STIFF
Timur;28;250;HARD
Timur;1;3;VERY SOFT
Timur;2;3;VERY SOFT
Timur;3;2;VERY SOFT
Timur;4;2;VERY SOFT
Timur;5;3;VERY SOFT
Timur;6;2;VERY SOFT
Timur;7;3;VERY SOFT
Timur;8;3;VERY SOFT
Timur;9;3;VERY SOFT
Timur;10;2;VERY SOFT
Timur;11;3;VERY SOFT
Timur;12;15;SOFT
Timur;13;5;VERY SOFT
Timur;14;7;VERY SOFT
Timur;15;10;SOFT
Timur;16;15;SOFT
Timur;17;10;SOFT
Timur;18;10;SOFT
Timur;19;15;SOFT
Timur;20;20;MEDIUM
Timur;21;25;MEDIUM
Timur;22;30;MEDIUM
Timur;23;35;MEDIUM
Timur;24;30;MEDIUM
Timur;25;50;STIFF
Timur;26;65;STIFF
Timur;27;150;VERY STIFF
Selatan;1;10;SOFT
Selatan;2;3;VERY SOFT
Selatan;3;2;VERY SOFT
Selatan;4;3;VERY SOFT
Selatan;5;4;VERY SOFT
Selatan;6;5;VERY SOFT
Selatan;7;4;VERY SOFT
Selatan;8;4;VERY SOFT
Selatan;9;3;VERY SOFT
Selatan;10;5;VERY SOFT
Selatan;11;6;VERY SOFT
Selatan;12;7;VERY SOFT
Selatan;13;6;VERY SOFT
Selatan;14;8;VERY SOFT
Selatan;15;10;SOFT
Selatan;16;5;VERY SOFT
Selatan;17;15;SOFT
Selatan;18;10;SOFT
Selatan;19;15;SOFT
Selatan;20;15;SOFT
Selatan;21;10;SOFT
Selatan;22;15;SOFT
Selatan;23;15;SOFT
Selatan;24;13;SOFT
Selatan;25;15;SOFT
Selatan;26;10;SOFT
Selatan;27;15;SOFT
Selatan;28;20;MEDIUM
Selatan;29;15;SOFT
Selatan;30;20;MEDIUM
Selatan;1;10;SOFT
Selatan;2;2;VERY SOFT
Selatan;3;3;VERY SOFT
Selatan;4;2;VERY SOFT
Selatan;5;3;VERY SOFT
Selatan;6;4;VERY SOFT
Selatan;7;2;VERY SOFT
Selatan;8;3;VERY SOFT
Selatan;9;4;VERY SOFT
Selatan;10;3;VERY SOFT
Selatan;11;5;VERY SOFT
Selatan;12;4;VERY SOFT
Selatan;13;4;VERY SOFT
Selatan;14;6;VERY SOFT
Selatan;15;5;VERY SOFT
Selatan;16;6;VERY SOFT
Selatan;17;5;VERY SOFT
Selatan;18;5;VERY SOFT
Selatan;19;8;VERY SOFT
Selatan;20;10;SOFT
Selatan;21;10;SOFT
Selatan;22;15;SOFT
Selatan;23;10;SOFT
Selatan;24;10;SOFT
Selatan;25;15;SOFT
Selatan;26;20;MEDIUM
Selatan;27;15;SOFT
Selatan;28;20;MEDIUM
Selatan;29;15;SOFT
Selatan;30;20;MEDIUM
Timur;1;2;VERY SOFT
Timur;2;10;SOFT
Timur;3;8;VERY SOFT
Timur;4;6;VERY SOFT
Timur;5;4;VERY SOFT
Timur;6;5;VERY SOFT
Timur;7;4;VERY SOFT
Timur;8;6;VERY SOFT
Timur;9;4;VERY SOFT
Timur;10;5;VERY SOFT
Timur;11;10;SOFT
Timur;12;20;MEDIUM
Timur;13;20;MEDIUM
Timur;14;30;MEDIUM
Timur;15;30;MEDIUM
Timur;16;40;STIFF
Timur;17;40;STIFF
Timur;18;50;STIFF
Timur;19;50;STIFF
Timur;20;45;STIFF
Timur;21;50;STIFF
Timur;22;50;STIFF
Timur;23;65;STIFF
Timur;24;70;STIFF
Timur;1;8;VERY SOFT
Timur;2;5;VERY SOFT
Timur;3;10;SOFT
Timur;4;3;VERY SOFT
Timur;5;4;VERY SOFT
Timur;6;5;VERY SOFT
Timur;7;6;VERY SOFT
Timur;8;5;VERY SOFT
Timur;9;8;VERY SOFT
Timur;10;10;SOFT
Timur;11;15;SOFT
Timur;12;30;MEDIUM
Timur;13;20;MEDIUM
Timur;14;35;MEDIUM
Timur;15;35;MEDIUM
Timur;16;40;STIFF
Timur;17;50;STIFF
Timur;18;45;STIFF
Timur;19;55;STIFF
Timur;20;50;STIFF
Timur;21;55;STIFF
Timur;22;55;STIFF
Timur;23;60;STIFF
Timur;24;65;STIFF
Utara;2;8;VERY SOFT
Utara;3;10;SOFT
Utara;4;25;MEDIUM
Utara;5;5;VERY SOFT
Utara;6;35;MEDIUM
Utara;7;15;SOFT
Utara;8;25;MEDIUM
Utara;9;15;SOFT
Utara;10;25;MEDIUM
Utara;11;20;MEDIUM
Utara;12;25;MEDIUM
Utara;13;30;MEDIUM
Utara;14;35;MEDIUM
Utara;15;40;STIFF
Utara;16;25;MEDIUM
Utara;17;35;MEDIUM
Utara;18;40;STIFF
Utara;19;45;STIFF
Utara;20;55;STIFF
Utara;21;45;STIFF
Utara;22;70;STIFF
Utara;23;40;STIFF
Utara;24;60;STIFF
Utara;25;110;VERY STIFF
Utara;26;95;VERY STIFF
Utara;2;10;SOFT
Utara;3;5;VERY SOFT
Utara;4;25;MEDIUM
Utara;5;5;VERY SOFT
Utara;6;55;STIFF
Utara;7;30;MEDIUM
Utara;8;20;MEDIUM
Utara;9;35;MEDIUM
Utara;10;20;MEDIUM
Utara;11;50;STIFF
Utara;12;55;STIFF
Utara;13;50;STIFF
Utara;14;30;MEDIUM
Utara;15;55;STIFF
Utara;16;35;MEDIUM
Utara;17;40;STIFF
Utara;18;35;MEDIUM
Utara;19;50;STIFF
Utara;20;55;STIFF
Utara;21;45;STIFF
Utara;22;65;STIFF
Utara;23;50;STIFF
Utara;24;65;STIFF
Utara;25;80;VERY STIFF
Utara;26;100;VERY STIFF
Selatan;1;15;SOFT
Selatan;2;30;MEDIUM
Selatan;3;25;MEDIUM
Selatan;4;25;MEDIUM
Selatan;5;15;SOFT
Selatan;6;7;VERY SOFT
Selatan;7;6;VERY SOFT
Selatan;8;20;MEDIUM
Selatan;9;35;MEDIUM
Selatan;10;35;MEDIUM
Selatan;11;45;STIFF
Selatan;12;45;STIFF
Selatan;13;50;STIFF
Selatan;14;40;STIFF
Selatan;15;50;STIFF
Selatan;16;55;STIFF
Selatan;1;25;MEDIUM
Selatan;2;20;MEDIUM
Selatan;3;15;SOFT
Selatan;4;25;MEDIUM
Selatan;5;10;SOFT
Selatan;6;8;VERY SOFT
Selatan;7;15;SOFT
Selatan;8;20;MEDIUM
Selatan;9;25;MEDIUM
Selatan;10;30;MEDIUM
Selatan;11;35;MEDIUM
Selatan;12;35;MEDIUM
Selatan;13;40;STIFF
Selatan;14;45;STIFF
Selatan;15;44;STIFF
Selatan;16;55;STIFF
Selatan;1;15;SOFT
Selatan;2;20;MEDIUM
Selatan;3;10;SOFT
Selatan;4;10;SOFT
Selatan;5;20;MEDIUM
Selatan;6;25;MEDIUM
Selatan;7;30;MEDIUM
Selatan;8;35;MEDIUM
Selatan;9;40;STIFF
Selatan;10;35;MEDIUM
Selatan;11;50;STIFF
Selatan;1;25;MEDIUM
Selatan;2;100;VERY STIFF
Selatan;3;50;STIFF
Selatan;4;50;STIFF
Selatan;5;110;VERY STIFF
Selatan;6;60;STIFF
Selatan;7;10;SOFT
Selatan;8;15;SOFT
Selatan;9;35;MEDIUM
Selatan;10;35;MEDIUM
Selatan;11;30;MEDIUM
Selatan;12;50;STIFF
Selatan;1;15;SOFT
Selatan;2;50;STIFF
Selatan;3;90;VERY STIFF
Selatan;4;80;VERY STIFF
Selatan;5;10;SOFT
Selatan;6;15;SOFT
Selatan;7;5;VERY SOFT
Selatan;8;40;STIFF
Selatan;9;55;STIFF
Selatan;10;90;VERY STIFF
Selatan;11;110;VERY STIFF
Selatan;12;180;HARD
Timur;1;6;VERY SOFT
Timur;2;5;VERY SOFT
Timur;3;6;VERY SOFT
Timur;4;4;VERY SOFT
Timur;5;3;VERY SOFT
Timur;6;2;VERY SOFT
Timur;7;6;VERY SOFT
Timur;8;65;STIFF
Timur;9;75;STIFF
Timur;10;40;STIFF
Timur;1;4;VERY SOFT
Timur;2;3;VERY SOFT
Timur;3;5;VERY SOFT
Timur;4;3;VERY SOFT
Timur;5;4;VERY SOFT
Timur;6;3;VERY SOFT
Timur;7;6;VERY SOFT
Timur;8;20;MEDIUM
Timur;9;30;MEDIUM
Timur;10;35;MEDIUM
Timur;11;250;HARD
Timur;1;5;VERY SOFT
Timur;2;8;VERY SOFT
Timur;3;6;VERY SOFT
Timur;4;4;VERY SOFT
Timur;5;6;VERY SOFT
Timur;6;4;VERY SOFT
Timur;7;7;VERY SOFT
Timur;8;8;VERY SOFT
Timur;9;65;STIFF
Timur;10;20;MEDIUM
Timur;1;6;VERY SOFT
Timur;2;5;VERY SOFT
Timur;3;4;VERY SOFT
Timur;4;5;VERY SOFT
Timur;5;4;VERY SOFT
Timur;6;5;VERY SOFT
Timur;7;6;VERY SOFT
Timur;8;20;MEDIUM
Timur;9;60;STIFF
Timur;10;40;STIFF
Timur;1;5;VERY SOFT
Timur;2;8;VERY SOFT
Timur;3;2;VERY SOFT
Timur;4;5;VERY SOFT
Timur;5;3;VERY SOFT
Timur;6;6;VERY SOFT
Timur;7;4;VERY SOFT
Timur;8;10;SOFT
Timur;9;15;SOFT
Timur;10;250;HARD
Timur;1;7;VERY SOFT
Timur;2;5;VERY SOFT
Timur;3;3;VERY SOFT
Timur;4;2;VERY SOFT
Timur;5;5;VERY SOFT
Timur;6;3;VERY SOFT
Timur;7;15;SOFT
Timur;8;25;MEDIUM
Timur;9;130;VERY STIFF
Timur;1;2;VERY SOFT
Timur;2;5;VERY SOFT
Timur;3;4;VERY SOFT
Timur;4;3;VERY SOFT
Timur;5;5;VERY SOFT
Timur;6;8;VERY SOFT
Timur;7;35;MEDIUM
Timur;1;5;VERY SOFT
Timur;2;4;VERY SOFT
Timur;3;5;VERY SOFT
Timur;4;3;VERY SOFT
Timur;5;6;VERY SOFT
Timur;6;8;VERY SOFT
Timur;7;250;HARD
Selatan;1;8;VERY SOFT
Selatan;2;6;VERY SOFT
Selatan;3;10;SOFT
Selatan;4;15;SOFT
Selatan;5;5;VERY SOFT
Selatan;6;10;SOFT
Selatan;7;15;SOFT
Selatan;8;5;VERY SOFT
Selatan;9;5;VERY SOFT
Selatan;10;7;VERY SOFT
Selatan;11;9;VERY SOFT
Selatan;12;10;SOFT
Selatan;13;10;SOFT
Selatan;14;10;SOFT
Selatan;15;25;MEDIUM
Selatan;16;25;MEDIUM
Selatan;17;35;MEDIUM
Selatan;18;25;MEDIUM
Selatan;19;35;MEDIUM
Selatan;20;30;MEDIUM
Selatan;21;35;MEDIUM
Selatan;22;40;STIFF
Selatan;23;40;STIFF
Selatan;24;45;STIFF
Selatan;25;50;STIFF
Selatan;26;45;STIFF
Selatan;1;15;SOFT
Selatan;2;20;MEDIUM
Selatan;3;10;SOFT
Selatan;4;13;SOFT
Selatan;5;5;VERY SOFT
Selatan;6;10;SOFT
Selatan;7;10;SOFT
Selatan;8;10;SOFT
Selatan;9;5;VERY SOFT
Selatan;10;10;SOFT
Selatan;11;10;SOFT
Selatan;12;10;SOFT
Selatan;13;11;SOFT
Selatan;14;10;SOFT
Selatan;15;30;MEDIUM
Selatan;16;25;MEDIUM
Selatan;17;35;MEDIUM
Selatan;18;30;MEDIUM
Selatan;19;30;MEDIUM
Selatan;20;35;MEDIUM
Selatan;21;30;MEDIUM
Selatan;22;40;STIFF
Selatan;23;40;STIFF
Selatan;24;45;STIFF
Selatan;25;40;STIFF
Selatan;2;8;VERY SOFT
Selatan;3;15;SOFT
Selatan;4;10;SOFT
Selatan;5;15;SOFT
Selatan;6;10;SOFT
Selatan;7;5;VERY SOFT
Selatan;8;7;VERY SOFT
Selatan;9;10;SOFT
Selatan;10;5;VERY SOFT
Selatan;11;8;VERY SOFT
Selatan;12;10;SOFT
Selatan;13;10;SOFT
Selatan;14;10;SOFT
Selatan;15;15;SOFT
Selatan;16;20;MEDIUM
Selatan;17;25;MEDIUM
Selatan;18;25;MEDIUM
Selatan;19;35;MEDIUM
Selatan;20;30;MEDIUM
Selatan;21;35;MEDIUM
Selatan;22;30;MEDIUM
Selatan;23;35;MEDIUM
Selatan;24;40;STIFF
Selatan;25;45;STIFF
Selatan;26;40;STIFF
Timur;1;3;VERY SOFT
Selatan;2;6;VERY SOFT
Selatan;3;2;VERY SOFT
Selatan;4;7;VERY SOFT
Selatan;5;2;VERY SOFT
Selatan;6;3;VERY SOFT
Timur;7;4;VERY SOFT
Timur;8;3;VERY SOFT
Timur;9;5;VERY SOFT
Timur;10;10;SOFT
Timur;11;6;VERY SOFT
Selatan;12;10;SOFT
Selatan;13;5;VERY SOFT
Selatan;14;10;SOFT
Selatan;15;5;VERY SOFT
Selatan;16;10;SOFT
Timur;17;10;SOFT
Selatan;18;15;SOFT
Selatan;19;20;MEDIUM
Selatan;20;25;MEDIUM
Selatan;21;30;MEDIUM
Selatan;22;35;MEDIUM
Timur;23;40;STIFF
Timur;24;210;HARD
Timur;1;2;VERY SOFT
Timur;2;7;VERY SOFT
Timur;3;5;VERY SOFT
Timur;4;8;VERY SOFT
Timur;5;5;VERY SOFT
Timur;6;3;VERY SOFT
Timur;7;5;VERY SOFT
Timur;8;5;VERY SOFT
Timur;9;6;VERY SOFT
Timur;10;4;VERY SOFT
Timur;11;5;VERY SOFT
Timur;12;6;VERY SOFT
Timur;13;10;SOFT
Timur;14;10;SOFT
Timur;15;5;VERY SOFT
Timur;16;10;SOFT
Timur;17;10;SOFT
Timur;18;15;SOFT
Timur;19;18;SOFT
Timur;20;35;MEDIUM
Timur;21;40;STIFF
Timur;22;35;MEDIUM
Timur;23;50;STIFF
Timur;24;250;HARD
Selatan;1;10;SOFT
Selatan;2;30;MEDIUM
Selatan;3;20;MEDIUM
Selatan;4;45;STIFF
Selatan;5;25;MEDIUM
Selatan;6;10;SOFT
Selatan;7;10;SOFT
Selatan;8;15;SOFT
Selatan;9;15;SOFT
Selatan;10;10;SOFT
Selatan;11;15;SOFT
Selatan;12;12;SOFT
Selatan;13;15;SOFT
Selatan;14;20;MEDIUM
Selatan;15;25;MEDIUM
Selatan;16;35;MEDIUM
Selatan;17;35;MEDIUM
Selatan;18;30;MEDIUM
Selatan;19;35;MEDIUM
Selatan;20;40;STIFF
Selatan;21;45;STIFF
Selatan;22;35;MEDIUM
Selatan;23;45;STIFF
Selatan;1;10;SOFT
Selatan;2;15;SOFT
Selatan;3;10;SOFT
Selatan;4;15;SOFT
Selatan;5;10;SOFT
Selatan;6;5;VERY SOFT
Selatan;7;5;VERY SOFT
Selatan;8;7;VERY SOFT
Selatan;9;10;SOFT
Selatan;10;10;SOFT
Selatan;11;15;SOFT
Selatan;12;10;SOFT
Selatan;13;15;SOFT
Selatan;14;25;MEDIUM
Selatan;15;40;STIFF
Selatan;16;30;MEDIUM
Selatan;17;25;MEDIUM
Selatan;18;30;MEDIUM
Selatan;19;30;MEDIUM
Selatan;20;35;MEDIUM
Selatan;21;40;STIFF
Selatan;22;40;STIFF
Selatan;23;30;MEDIUM
Barat;1;20;MEDIUM
Barat;2;5;VERY SOFT
Barat;3;3;VERY SOFT
Barat;4;5;VERY SOFT
Barat;5;6;VERY SOFT
Barat;6;4;VERY SOFT
Barat;7;5;VERY SOFT
Barat;8;6;VERY SOFT
Barat;9;7;VERY SOFT
Barat;10;10;SOFT
Barat;11;20;MEDIUM
Barat;12;20;MEDIUM
Barat;13;25;MEDIUM
Barat;14;25;MEDIUM
Barat;15;35;MEDIUM
Barat;16;35;MEDIUM
Barat;17;35;MEDIUM
Barat;18;40;STIFF
Barat;19;45;STIFF
Barat;20;40;STIFF
Barat;21;45;STIFF
Barat;22;50;STIFF
Barat;23;45;STIFF
Barat;1;5;VERY SOFT
Barat;2;4;VERY SOFT
Barat;3;6;VERY SOFT
Barat;4;10;SOFT
Barat;5;6;VERY SOFT
Barat;6;3;VERY SOFT
Barat;7;5;VERY SOFT
Barat;8;10;SOFT
Barat;9;45;STIFF
Barat;10;30;MEDIUM
Barat;11;20;MEDIUM
Barat;12;25;MEDIUM
Barat;13;30;MEDIUM
Barat;14;35;MEDIUM
Barat;15;35;MEDIUM
Barat;16;45;STIFF
Barat;17;35;MEDIUM
Barat;18;45;STIFF
Barat;19;45;STIFF
Barat;20;45;STIFF
Barat;21;50;STIFF
Barat;22;45;STIFF
Utara;1;7;VERY SOFT
Utara;2;5;VERY SOFT
Utara;3;4;VERY SOFT
Utara;4;4;VERY SOFT
Utara;5;6;VERY SOFT
Utara;6;4;VERY SOFT
Utara;7;6;VERY SOFT
Utara;8;7;VERY SOFT
Utara;9;5;VERY SOFT
Utara;10;7;VERY SOFT
Utara;11;6;VERY SOFT
Utara;12;5;VERY SOFT
Utara;13;10;SOFT
Utara;14;20;MEDIUM
Utara;15;10;SOFT
Utara;16;65;STIFF
Utara;17;200;HARD
Utara;1;15;SOFT
Utara;2;5;VERY SOFT
Utara;3;7;VERY SOFT
Utara;4;5;VERY SOFT
Utara;5;5;VERY SOFT
Utara;6;8;VERY SOFT
Utara;7;7;VERY SOFT
Utara;8;10;SOFT
Utara;9;10;SOFT
Utara;10;8;VERY SOFT
Utara;11;10;SOFT
Utara;12;15;SOFT
Utara;13;10;SOFT
Utara;14;30;MEDIUM
Utara;15;40;STIFF
Utara;16;180;HARD
Barat;1;15;SOFT
Barat;2;17;SOFT
Barat;3;18;SOFT
Barat;4;20;MEDIUM
Barat;5;23;MEDIUM
Barat;6;25;MEDIUM
Barat;7;25;MEDIUM
Barat;8;35;MEDIUM
Barat;9;35;MEDIUM
Barat;10;35;MEDIUM
Barat;11;40;STIFF
Barat;12;50;STIFF
Barat;13;50;STIFF
Barat;14;60;STIFF
Barat;15;55;STIFF
Barat;1;15;SOFT
Barat;2;15;SOFT
Barat;3;20;MEDIUM
Barat;4;20;MEDIUM
Barat;5;20;MEDIUM
Barat;6;30;MEDIUM
Barat;7;40;STIFF
Barat;8;40;STIFF
Barat;9;40;STIFF
Barat;10;50;STIFF
Barat;11;45;STIFF
Barat;12;50;STIFF
Barat;13;55;STIFF
Barat;14;45;STIFF
Barat;15;50;STIFF
Barat;1;15;SOFT
Barat;2;20;MEDIUM
Barat;3;15;SOFT
Barat;4;15;SOFT
Barat;5;20;MEDIUM
Barat;6;25;MEDIUM
Barat;7;30;MEDIUM
Barat;8;35;MEDIUM
Barat;9;30;MEDIUM
Barat;10;30;MEDIUM
Barat;11;45;STIFF
Barat;12;50;STIFF
Barat;13;55;STIFF
Barat;14;45;STIFF
Barat;15;60;STIFF
Barat;1;10;SOFT
Barat;2;7;VERY SOFT
Barat;3;15;SOFT
Barat;4;45;STIFF
Barat;5;90;VERY STIFF
Barat;6;80;VERY STIFF
Barat;7;150;VERY STIFF
Barat;8;145;VERY STIFF
Barat;1;10;SOFT
Barat;2;7;VERY SOFT
Barat;3;15;SOFT
Barat;4;45;STIFF
Barat;5;90;VERY STIFF
Barat;6;80;VERY STIFF
Barat;7;150;VERY STIFF
Barat;8;145;VERY STIFF
Barat;1;15;SOFT
Barat;2;20;MEDIUM
Barat;3;25;MEDIUM
Barat;4;30;MEDIUM
Barat;5;35;MEDIUM
Barat;6;40;STIFF
Barat;7;55;STIFF
Barat;8;50;STIFF
Barat;9;75;STIFF
Barat;10;60;STIFF
Barat;11;60;STIFF
Barat;12;75;STIFF
Barat;13;180;HARD
Timur;1;10;SOFT
Timur;2;10;SOFT
Timur;3;5;VERY SOFT
Timur;4;3;VERY SOFT
Timur;5;3;VERY SOFT
Timur;6;4;VERY SOFT
Timur;7;4;VERY SOFT
Timur;8;5;VERY SOFT
Timur;9;7;VERY SOFT
Timur;10;4;VERY SOFT
Timur;11;15;SOFT
Timur;12;4;VERY SOFT
Timur;13;5;VERY SOFT
Timur;14;6;VERY SOFT
Timur;15;5;VERY SOFT
Timur;16;6;VERY SOFT
Timur;17;10;SOFT
Timur;18;12;SOFT
Timur;19;20;MEDIUM
Timur;20;17;SOFT
Timur;21;20;MEDIUM
Timur;22;20;MEDIUM
Timur;23;35;MEDIUM
Timur;24;35;MEDIUM
Timur;25;40;STIFF
Timur;26;45;STIFF
Timur;27;50;STIFF
Timur;1;10;SOFT
Timur;2;4;VERY SOFT
Timur;3;5;VERY SOFT
Timur;4;5;VERY SOFT
Timur;5;5;VERY SOFT
Timur;6;6;VERY SOFT
Timur;7;5;VERY SOFT
Timur;8;6;VERY SOFT
Timur;9;7;VERY SOFT
Timur;10;7;VERY SOFT
Timur;11;5;VERY SOFT
Timur;12;5;VERY SOFT
Timur;13;10;SOFT
Timur;14;10;SOFT
Timur;15;15;SOFT
Timur;16;20;MEDIUM
Timur;17;25;MEDIUM
Timur;18;20;MEDIUM
Timur;19;20;MEDIUM
Timur;20;30;MEDIUM
Timur;21;30;MEDIUM
Timur;22;25;MEDIUM
Timur;23;30;MEDIUM
Timur;24;40;STIFF
Timur;1;15;SOFT
Timur;2;10;SOFT
Timur;3;15;SOFT
Timur;4;20;MEDIUM
Timur;5;10;SOFT
Timur;6;10;SOFT
Timur;7;8;VERY SOFT
Timur;8;9;VERY SOFT
Timur;9;10;SOFT
Timur;10;8;VERY SOFT
Timur;11;12;SOFT
Timur;12;10;SOFT
Timur;13;13;SOFT
Timur;14;15;SOFT
Timur;15;17;SOFT
Timur;16;15;SOFT
Timur;17;18;SOFT
Timur;18;13;SOFT
Timur;19;10;SOFT
Timur;20;13;SOFT
Timur;21;15;SOFT
Timur;22;18;SOFT
Timur;23;30;MEDIUM
Timur;24;40;STIFF
Timur;25;40;STIFF
Timur;26;40;STIFF
Timur;1;10;SOFT
Timur;2;12;SOFT
Timur;3;17;SOFT
Timur;4;20;MEDIUM
Timur;5;10;SOFT
Timur;6;10;SOFT
Timur;7;9;VERY SOFT
Timur;8;10;SOFT
Timur;9;10;SOFT
Timur;10;10;SOFT
Timur;11;13;SOFT
Timur;12;10;SOFT
Timur;13;12;SOFT
Timur;14;14;SOFT
Timur;15;15;SOFT
Timur;16;15;SOFT
Timur;17;20;MEDIUM
Timur;18;15;SOFT
Timur;19;15;SOFT
Timur;20;10;SOFT
Timur;21;20;MEDIUM
Timur;22;20;MEDIUM
Timur;23;28;MEDIUM
Timur;24;35;MEDIUM
Timur;25;40;STIFF
Timur;26;40;STIFF
Timur;1;13;SOFT
Timur;2;15;SOFT
Timur;3;10;SOFT
Timur;4;10;SOFT
Timur;5;20;MEDIUM
Timur;6;5;VERY SOFT
Timur;7;7;VERY SOFT
Timur;8;6;VERY SOFT
Timur;9;7;VERY SOFT
Timur;10;20;MEDIUM
Timur;11;250;HARD
Timur;1;10;SOFT
Timur;2;20;MEDIUM
Timur;3;10;SOFT
Timur;4;5;VERY SOFT
Timur;5;5;VERY SOFT
Timur;6;3;VERY SOFT
Timur;7;5;VERY SOFT
Timur;8;6;VERY SOFT
Timur;9;7;VERY SOFT
Timur;10;95;VERY STIFF
Timur;11;20;MEDIUM
Timur;12;250;HARD
Timur;1;10;SOFT
Timur;2;15;SOFT
Timur;3;25;MEDIUM
Timur;4;10;SOFT
Timur;5;10;SOFT
Timur;6;10;SOFT
Timur;7;8;VERY SOFT
Timur;8;10;SOFT
Timur;9;7;VERY SOFT
Timur;10;8;VERY SOFT
Timur;11;10;SOFT
Timur;12;15;SOFT
Timur;13;35;MEDIUM
Timur;14;50;STIFF
Timur;15;135;VERY STIFF
Timur;1;15;SOFT
Timur;2;15;SOFT
Timur;3;30;MEDIUM
Timur;4;10;SOFT
Timur;5;10;SOFT
Timur;6;7;VERY SOFT
Timur;7;10;SOFT
Timur;8;5;VERY SOFT
Timur;9;8;VERY SOFT
Timur;10;6;VERY SOFT
Timur;11;4;VERY SOFT
Timur;12;5;VERY SOFT
Timur;13;15;SOFT
Timur;14;35;MEDIUM
Timur;15;150;VERY STIFF
Barat;1;10;SOFT
Barat;2;8;VERY SOFT
Barat;3;6;VERY SOFT
Barat;4;15;SOFT
Barat;5;15;SOFT
Barat;6;13;SOFT
Barat;7;20;MEDIUM
Barat;8;20;MEDIUM
Barat;9;25;MEDIUM
Barat;10;30;MEDIUM
Barat;11;35;MEDIUM
Barat;12;40;STIFF
Barat;13;35;MEDIUM
Barat;14;50;STIFF
Barat;15;65;STIFF
Barat;16;65;STIFF
Barat;17;75;STIFF
Barat;18;80;VERY STIFF
Barat;1;10;SOFT
Barat;2;15;SOFT
Barat;3;10;SOFT
Barat;4;15;SOFT
Barat;5;20;MEDIUM
Barat;6;15;SOFT
Barat;7;30;MEDIUM
Barat;8;35;MEDIUM
Barat;9;40;STIFF
Barat;10;35;MEDIUM
Barat;11;45;STIFF
Barat;12;100;VERY STIFF
Barat;13;110;VERY STIFF
Barat;14;120;VERY STIFF
Barat;15;100;VERY STIFF
Barat;16;120;VERY STIFF
Barat;17;110;VERY STIFF
Selatan;1;15;SOFT
Selatan;2;15;SOFT
Selatan;3;15;SOFT
Selatan;4;15;SOFT
Selatan;5;25;MEDIUM
Selatan;6;20;MEDIUM
Selatan;7;25;MEDIUM
Selatan;8;25;MEDIUM
Selatan;9;35;MEDIUM
Selatan;10;40;STIFF
Selatan;11;50;STIFF
Selatan;12;55;STIFF
Selatan;13;60;STIFF
Selatan;14;55;STIFF
Timur;1;20;SOFT
Timur;2;10;SOFT
Timur;3;15;SOFT
Timur;4;10;SOFT
Timur;5;5;VERY SOFT
Timur;6;45;STIFF
Timur;7;5;VERY SOFT
Timur;8;5;VERY SOFT
Timur;9;6;VERY SOFT
Timur;10;8;VERY SOFT
Timur;11;5;VERY SOFT
Timur;12;10;SOFT
Timur;13;11;SOFT
Timur;14;15;SOFT
Timur;15;15;SOFT
Timur;16;100;VERY STIFF
Timur;17;175;HARD
Timur;18;100;VERY STIFF
Timur;19;100;VERY STIFF
Timur;20;165;HARD
Timur;21;165;HARD
Timur;22;160;HARD
Timur;23;165;HARD
Timur;24;170;HARD
Timur;25;175;HARD
Selatan;1;10;SOFT
Selatan;2;15;SOFT
Selatan;3;15;SOFT
Selatan;4;15;SOFT
Selatan;5;15;SOFT
Selatan;6;10;SOFT
Selatan;7;10;SOFT
Selatan;8;10;SOFT
Selatan;9;10;SOFT
Selatan;10;10;SOFT
Selatan;11;15;SOFT
Selatan;12;15;SOFT
Selatan;13;15;SOFT
Selatan;14;20;MEDIUM
Selatan;15;30;MEDIUM
Selatan;16;40;STIFF
Selatan;17;45;STIFF
Selatan;18;55;STIFF
Selatan;19;65;STIFF
Selatan;20;65;STIFF
Timur;1;7;VERY SOFT
Timur;2;10;SOFT
Timur;3;5;VERY SOFT
Timur;4;7;VERY SOFT
Timur;5;10;SOFT
Timur;6;10;SOFT
Timur;7;15;SOFT
Timur;8;35;MEDIUM
Timur;9;5;VERY SOFT
Timur;10;10;SOFT
Timur;11;10;SOFT
Timur;12;10;SOFT
Timur;13;8;VERY SOFT
Timur;14;10;SOFT
Timur;15;10;SOFT
Timur;16;10;SOFT
Timur;17;15;SOFT
Timur;18;15;SOFT
Timur;19;15;SOFT
Timur;20;10;SOFT
Timur;21;20;MEDIUM
Timur;22;135;VERY STIFF
Utara;1;0;VERY SOFT
Utara;2;4;VERY SOFT
Utara;3;8;VERY SOFT
Utara;4;35;MEDIUM
Utara;5;5;VERY SOFT
Utara;6;6;VERY SOFT
Utara;7;10;SOFT
Utara;8;10;SOFT
Utara;9;8;VERY SOFT
Utara;10;10;SOFT
Utara;11;15;SOFT
Utara;12;250;HARD
Utara;1;3;VERY SOFT
Utara;2;4;VERY SOFT
Utara;3;3;VERY SOFT
Utara;4;5;VERY SOFT
Utara;5;7;VERY SOFT
Utara;6;10;SOFT
Utara;7;15;SOFT
Utara;8;25;MEDIUM
Utara;9;70;STIFF
Utara;10;250;HARD
Timur;1;25;SOFT
Timur;2;5;VERY SOFT
Timur;3;10;SOFT
Timur;4;5;VERY SOFT
Timur;5;6;VERY SOFT
Timur;6;10;SOFT
Timur;7;15;SOFT
Timur;8;10;SOFT
Timur;9;10;SOFT
Timur;10;20;MEDIUM
Timur;11;15;SOFT
Timur;12;135;VERY STIFF
Timur;13;150;VERY STIFF
Timur;14;120;VERY STIFF
Timur;15;250;HARD
Barat;1;3;VERY SOFT
Barat;2;5;VERY SOFT
Barat;3;3;VERY SOFT
Barat;4;15;SOFT
Barat;5;20;MEDIUM
Barat;6;25;MEDIUM
Barat;7;15;SOFT
Barat;8;35;MEDIUM
Barat;9;40;STIFF
Barat;10;50;STIFF
Barat;11;250;HARD
Selatan;1;8;VERY SOFT
Selatan;2;10;SOFT
Selatan;3;20;MEDIUM
Selatan;4;20;MEDIUM
Selatan;5;25;MEDIUM
Selatan;6;30;MEDIUM
Selatan;7;45;STIFF
Selatan;8;60;STIFF
Selatan;9;65;STIFF
Selatan;10;70;STIFF
Selatan;11;75;STIFF
Selatan;12;100;VERY STIFF
Selatan;13;110;VERY STIFF
Selatan;14;125;VERY STIFF
Timur;1;3;VERY SOFT
Timur;2;2;VERY SOFT
Timur;3;2;VERY SOFT
Timur;4;2;VERY SOFT
Timur;5;3;VERY SOFT
Timur;6;2;VERY SOFT
Timur;7;20;MEDIUM
Timur;8;20;MEDIUM
Timur;9;15;SOFT
Timur;10;250;HARD
Selatan;1;7;VERY SOFT
Selatan;2;15;SOFT
Selatan;3;20;MEDIUM
Selatan;4;70;STIFF
Selatan;5;20;MEDIUM
Selatan;6;25;MEDIUM
Selatan;7;35;MEDIUM
Selatan;8;30;MEDIUM
Selatan;9;35;MEDIUM
Selatan;10;45;STIFF
Selatan;11;55;STIFF
Selatan;12;60;STIFF
Selatan;13;65;STIFF
Selatan;14;110;VERY STIFF
Selatan;15;130;VERY STIFF
Selatan;1;40;STIFF
Selatan;2;6;VERY SOFT
Selatan;3;5;VERY SOFT
Selatan;4;4;VERY SOFT
Selatan;5;50;STIFF
Selatan;6;60;STIFF
Selatan;7;5;VERY SOFT
Selatan;8;5;VERY SOFT
Selatan;9;85;VERY STIFF
Selatan;10;45;STIFF
Selatan;11;40;STIFF
Selatan;12;35;MEDIUM
Selatan;13;140;VERY STIFF
Selatan;14;250;HARD
Utara;1;10;SOFT
Utara;2;15;SOFT
Utara;3;45;STIFF
Utara;4;65;STIFF
Utara;5;130;VERY STIFF
Utara;6;100;VERY STIFF
Utara;7;10;SOFT
Utara;8;10;SOFT
Utara;9;10;SOFT
Utara;10;15;SOFT
Utara;11;15;SOFT
Utara;12;15;SOFT
Utara;13;15;SOFT
Utara;14;20;MEDIUM
Utara;15;15;SOFT
Utara;16;150;VERY STIFF
Pusat;1;3;VERY SOFT
Pusat;2;5;VERY SOFT
Pusat;3;15;SOFT
Pusat;4;4;VERY SOFT
Pusat;5;4;VERY SOFT
Pusat;6;3;VERY SOFT
Pusat;7;5;VERY SOFT
Pusat;8;6;VERY SOFT
Pusat;9;10;SOFT
Pusat;10;10;SOFT
Pusat;11;13;SOFT
Pusat;12;10;SOFT
Pusat;13;15;SOFT
Pusat;14;20;MEDIUM
Pusat;15;25;MEDIUM
Pusat;16;75;STIFF
Pusat;17;100;VERY STIFF
Pusat;18;110;VERY STIFF
Selatan;1;0;VERY SOFT
Selatan;2;40;STIFF
Selatan;3;70;STIFF
Selatan;4;90;VERY STIFF
Selatan;5;75;STIFF
Selatan;6;110;VERY STIFF
Selatan;7;100;VERY STIFF
Selatan;8;120;VERY STIFF
Selatan;9;100;VERY STIFF
Selatan;10;100;VERY STIFF
Selatan;11;100;VERY STIFF
Selatan;12;90;VERY STIFF
Selatan;13;130;VERY STIFF
Selatan;14;80;VERY STIFF
Selatan;15;150;VERY STIFF
Selatan;16;130;VERY STIFF
Selatan;17;140;VERY STIFF
Timur;1;4;VERY SOFT
Timur;2;20;MEDIUM
Timur;3;5;VERY SOFT
Timur;4;5;VERY SOFT
Timur;5;3;VERY SOFT
Timur;6;3;VERY SOFT
Timur;7;5;VERY SOFT
Timur;8;20;MEDIUM
Timur;9;25;MEDIUM
Timur;10;20;MEDIUM
Utara;1;50;STIFF
Utara;2;4;VERY SOFT
Utara;3;8;VERY SOFT
Utara;4;4;VERY SOFT
Utara;5;5;VERY SOFT
Utara;6;5;VERY SOFT
Utara;7;6;VERY SOFT
Utara;8;5;VERY SOFT
Utara;9;9;VERY SOFT
Utara;10;70;STIFF
Utara;11;130;VERY STIFF
Utara;12;130;VERY STIFF
Utara;13;120;VERY STIFF
Utara;14;190;HARD
Utara;1;5;VERY SOFT
Utara;2;2;VERY SOFT
Utara;3;4;VERY SOFT
Utara;4;4;VERY SOFT
Utara;5;3;VERY SOFT
Utara;6;4;VERY SOFT
Utara;7;5;VERY SOFT
Utara;8;5;VERY SOFT
Utara;9;7;VERY SOFT
Utara;10;6;VERY SOFT
Utara;11;15;SOFT
Utara;12;150;VERY STIFF
Utara;13;250;HARD
Selatan;1;20;MEDIUM
Selatan;2;30;MEDIUM
Selatan;3;35;MEDIUM
Selatan;4;40;STIFF
Selatan;5;50;STIFF
Selatan;6;50;STIFF
Selatan;7;65;STIFF
Selatan;8;70;STIFF
Selatan;9;55;STIFF
Selatan;10;70;STIFF
Selatan;11;75;STIFF
Selatan;12;75;STIFF
Selatan;13;90;VERY STIFF
Selatan;14;100;VERY STIFF
Selatan;15;110;VERY STIFF
Selatan;1;10;SOFT
Selatan;2;12;SOFT
Selatan;3;15;SOFT
Selatan;4;10;SOFT
Selatan;5;10;SOFT
Selatan;6;11;SOFT
Selatan;7;10;SOFT
Selatan;8;8;VERY SOFT
Selatan;9;10;SOFT
Selatan;10;5;VERY SOFT
Selatan;11;6;VERY SOFT
Selatan;12;8;VERY SOFT
Selatan;13;15;SOFT
Selatan;14;15;SOFT
Selatan;15;20;MEDIUM
Selatan;16;25;MEDIUM
Selatan;17;25;MEDIUM
Selatan;18;25;MEDIUM
Selatan;19;30;MEDIUM
Selatan;20;45;STIFF
Selatan;21;40;STIFF
Selatan;22;40;STIFF
Selatan;23;45;STIFF
Selatan;24;45;STIFF
Selatan;25;50;STIFF
Selatan;26;45;STIFF
Selatan;1;0;VERY SOFT
Selatan;2;8;VERY SOFT
Selatan;3;13;SOFT
Selatan;4;20;MEDIUM
Selatan;5;75;STIFF
Selatan;6;80;VERY STIFF
Selatan;7;60;STIFF
Selatan;8;65;STIFF
Selatan;9;10;SOFT
Selatan;10;10;SOFT
Selatan;11;10;SOFT
Selatan;12;15;SOFT
Selatan;13;35;MEDIUM
Selatan;14;25;MEDIUM
Selatan;15;40;STIFF
Selatan;16;60;STIFF
Selatan;17;70;STIFF
Selatan;18;60;STIFF
Selatan;19;250;HARD
Barat;1;0;VERY SOFT
Barat;2;5;VERY SOFT
Barat;3;5;VERY SOFT
Barat;4;8;VERY SOFT
Barat;5;10;SOFT
Barat;6;30;MEDIUM
Barat;7;45;STIFF
Barat;8;40;STIFF
Barat;9;50;STIFF
Barat;10;50;STIFF
Barat;11;60;STIFF
Barat;12;75;STIFF
Barat;13;70;STIFF
Barat;14;90;VERY STIFF
Barat;15;140;VERY STIFF
Barat;16;130;VERY STIFF
Barat;17;130;VERY STIFF
Timur;1;5;VERY SOFT
Timur;2;10;SOFT
Timur;3;10;SOFT
Timur;4;5;VERY SOFT
Timur;5;6;VERY SOFT
Timur;6;8;VERY SOFT
Timur;7;5;VERY SOFT
Timur;8;7;VERY SOFT
Timur;9;5;VERY SOFT
Timur;10;5;VERY SOFT
Timur;11;10;SOFT
Timur;12;10;SOFT
Timur;13;15;SOFT
Timur;14;55;STIFF
Timur;15;60;STIFF
Timur;16;70;STIFF
Timur;17;85;VERY STIFF
Timur;18;85;VERY STIFF
Timur;19;120;VERY STIFF
Timur;20;110;VERY STIFF
Timur;21;250;HARD
Timur;1;3;VERY SOFT
Timur;2;2;VERY SOFT
Timur;3;2;VERY SOFT
Timur;4;3;VERY SOFT
Timur;5;5;VERY SOFT
Timur;6;4;VERY SOFT
Timur;7;5;VERY SOFT
Timur;8;5;VERY SOFT
Timur;9;5;VERY SOFT
Timur;10;5;VERY SOFT
Timur;11;5;VERY SOFT
Timur;12;7;VERY SOFT
Timur;13;10;SOFT
Timur;14;5;VERY SOFT
Timur;15;10;SOFT
Timur;16;10;SOFT
Timur;17;15;SOFT
Timur;18;10;SOFT
Timur;19;30;MEDIUM
Timur;20;35;MEDIUM
Timur;21;50;STIFF
Timur;22;65;STIFF
Timur;23;70;STIFF
Timur;24;45;STIFF
Timur;25;180;HARD
Timur;26;165;HARD
Timur;27;175;HARD
Timur;1;25;MEDIUM
Timur;2;25;MEDIUM
Timur;3;10;SOFT
Timur;4;30;MEDIUM
Timur;5;30;MEDIUM
Timur;6;25;MEDIUM
Timur;7;15;SOFT
Timur;8;15;SOFT
Timur;9;10;SOFT
Timur;10;20;MEDIUM
Timur;11;25;MEDIUM
Timur;12;65;STIFF
Timur;13;65;STIFF
Timur;14;50;STIFF
Timur;15;25;MEDIUM
Timur;16;35;MEDIUM
Timur;17;15;SOFT
Timur;18;15;SOFT
Timur;19;20;MEDIUM
Timur;20;35;MEDIUM
Timur;21;250;HARD
Pusat;1;0;VERY SOFT
Pusat;2;10;SOFT
Pusat;3;10;SOFT
Pusat;4;40;STIFF
Pusat;5;60;STIFF
Pusat;6;20;MEDIUM
Pusat;7;30;MEDIUM
Pusat;8;30;MEDIUM
Pusat;9;40;STIFF
Pusat;10;25;MEDIUM
Pusat;11;35;MEDIUM
Pusat;12;50;STIFF
Pusat;13;100;VERY STIFF
Pusat;14;110;VERY STIFF
Pusat;15;130;VERY STIFF
Pusat;16;100;VERY STIFF
Pusat;17;140;VERY STIFF
Pusat;18;250;HARD
Barat;1;7;VERY SOFT
Barat;2;10;SOFT
Barat;3;15;SOFT
Barat;4;20;MEDIUM
Barat;5;25;MEDIUM
Barat;6;35;MEDIUM
Barat;7;35;MEDIUM
Barat;8;40;STIFF
Barat;9;75;STIFF
Selatan;1;50;STIFF
Selatan;2;7;VERY SOFT
Selatan;3;10;SOFT
Selatan;4;20;MEDIUM
Selatan;5;15;SOFT
Selatan;6;10;SOFT
Selatan;7;5;VERY SOFT
Selatan;8;5;VERY SOFT
Selatan;9;8;VERY SOFT
Selatan;10;10;SOFT
Selatan;11;10;SOFT
Selatan;12;10;SOFT
Selatan;13;15;SOFT
Selatan;14;20;MEDIUM
Selatan;15;30;MEDIUM
Selatan;16;35;MEDIUM
Selatan;17;40;STIFF
Selatan;18;100;VERY STIFF
Selatan;19;65;STIFF
Selatan;20;50;STIFF
Selatan;21;70;STIFF
Selatan;1;20;MEDIUM
Selatan;2;10;SOFT
Selatan;3;15;SOFT
Selatan;4;20;MEDIUM
Selatan;5;25;MEDIUM
Selatan;6;25;MEDIUM
Selatan;7;60;STIFF
Selatan;8;35;MEDIUM
Selatan;9;40;STIFF
Selatan;10;250;HARD
Pusat;1;7;VERY SOFT
Pusat;2;10;SOFT
Pusat;3;5;VERY SOFT
Pusat;4;5;VERY SOFT
Pusat;5;3;VERY SOFT
Pusat;6;5;VERY SOFT
Pusat;7;5;VERY SOFT
Pusat;8;4;VERY SOFT
Pusat;9;5;VERY SOFT
Pusat;10;5;VERY SOFT
Pusat;11;5;VERY SOFT
Pusat;12;5;VERY SOFT
Pusat;13;10;SOFT
Pusat;14;10;SOFT
Pusat;15;10;SOFT
Pusat;16;10;SOFT
Pusat;17;5;VERY SOFT
Pusat;18;50;STIFF
Pusat;19;250;HARD
Barat;1;15;SOFT
Barat;2;20;MEDIUM
Barat;3;15;SOFT
Barat;4;15;SOFT
Barat;5;15;SOFT
Barat;6;25;MEDIUM
Barat;7;90;VERY STIFF
Barat;8;55;STIFF
Barat;9;60;STIFF
Barat;10;70;STIFF
Barat;11;80;VERY STIFF
Barat;12;80;VERY STIFF
Barat;1;15;SOFT
Barat;2;30;MEDIUM
Barat;3;15;SOFT
Barat;4;15;SOFT
Barat;5;10;SOFT
Barat;6;20;MEDIUM
Barat;7;25;MEDIUM
Barat;8;30;MEDIUM
Barat;9;35;MEDIUM
Barat;10;25;MEDIUM
Barat;11;30;MEDIUM
Barat;12;45;STIFF
Barat;13;50;STIFF
Barat;14;55;STIFF
Barat;15;55;STIFF
Barat;16;60;STIFF
Barat;17;70;STIFF
Barat;1;15;SOFT
Barat;2;5;VERY SOFT
Barat;3;10;SOFT
Barat;4;60;STIFF
Barat;5;120;VERY STIFF
Timur;1;70;STIFF
Timur;2;50;STIFF
Timur;3;60;STIFF
Timur;4;110;VERY STIFF
Timur;5;75;STIFF
Timur;6;40;STIFF
Timur;7;15;SOFT
Timur;8;185;HARD
Timur;1;3;VERY SOFT
Timur;2;3;VERY SOFT
Timur;3;5;VERY SOFT
Timur;4;3;VERY SOFT
Timur;5;4;VERY SOFT
Timur;6;5;VERY SOFT
Timur;7;2;VERY SOFT
Timur;8;5;VERY SOFT
Timur;9;4;VERY SOFT
Timur;10;3;VERY SOFT
Timur;11;6;VERY SOFT
Timur;12;4;VERY SOFT
Timur;13;4;VERY SOFT
Timur;14;5;VERY SOFT
Timur;15;7;VERY SOFT
Timur;16;8;VERY SOFT
Timur;17;10;SOFT
Timur;18;15;SOFT
Timur;19;15;SOFT
Timur;20;15;SOFT
Timur;21;20;MEDIUM
Timur;22;15;SOFT
Timur;23;25;MEDIUM
Timur;24;20;MEDIUM
Timur;25;25;MEDIUM
Timur;26;35;MEDIUM
Timur;27;40;STIFF
Timur;28;35;MEDIUM
Timur;29;40;STIFF
Timur;30;45;STIFF
Timur;1;5;VERY SOFT
Timur;2;5;VERY SOFT
Timur;3;6;VERY SOFT
Timur;4;5;VERY SOFT
Timur;5;20;MEDIUM
Timur;6;20;MEDIUM
Timur;7;10;SOFT
Timur;8;8;VERY SOFT
Timur;9;6;VERY SOFT
Timur;10;5;VERY SOFT
Timur;11;7;VERY SOFT
Timur;12;8;VERY SOFT
Timur;13;15;SOFT
Timur;14;13;SOFT
Timur;15;120;VERY STIFF
Timur;16;250;HARD
Timur;1;0;VERY SOFT
Timur;2;4;VERY SOFT
Timur;3;4;VERY SOFT
Timur;4;6;VERY SOFT
Timur;5;4;VERY SOFT
Timur;6;5;VERY SOFT
Timur;7;5;VERY SOFT
Timur;8;5;VERY SOFT
Timur;9;5;VERY SOFT
Timur;10;5;VERY SOFT
Timur;11;5;VERY SOFT
Timur;12;5;VERY SOFT
Timur;13;13;SOFT
Timur;14;10;SOFT
Timur;15;15;SOFT
Timur;16;5;VERY SOFT
Timur;17;10;SOFT
Timur;18;65;STIFF
Timur;19;100;VERY STIFF
Timur;20;110;VERY STIFF
Timur;1;5;VERY SOFT
Timur;2;3;VERY SOFT
Timur;3;3;VERY SOFT
Timur;4;4;VERY SOFT
Timur;5;5;VERY SOFT
Timur;6;4;VERY SOFT
Timur;7;3;VERY SOFT
Timur;8;4;VERY SOFT
Timur;9;10;SOFT
Timur;10;10;SOFT
Timur;11;15;SOFT
Timur;12;15;SOFT
Timur;13;10;SOFT
Timur;14;5;VERY SOFT
Timur;15;8;VERY SOFT
Timur;16;10;SOFT
Timur;17;10;SOFT
Timur;18;15;SOFT
Timur;19;15;SOFT
Timur;20;18;SOFT
Timur;21;100;VERY STIFF
Timur;22;115;VERY STIFF
Timur;23;185;HARD
Timur;1;15;SOFT
Timur;2;4;VERY SOFT
Timur;3;6;VERY SOFT
Timur;4;3;VERY SOFT
Timur;5;5;VERY SOFT
Timur;6;45;STIFF
Timur;7;40;STIFF
Timur;8;25;MEDIUM
Timur;9;25;MEDIUM
Timur;10;25;MEDIUM
Timur;11;15;SOFT
Timur;12;160;HARD
Utara;1;0;VERY SOFT
Utara;2;5;VERY SOFT
Utara;3;2;VERY SOFT
Utara;4;4;VERY SOFT
Utara;5;5;VERY SOFT
Utara;6;4;VERY SOFT
Utara;7;5;VERY SOFT
Utara;8;5;VERY SOFT
Utara;9;5;VERY SOFT
Utara;10;7;VERY SOFT
Utara;11;8;VERY SOFT
Utara;12;7;VERY SOFT
Utara;13;10;SOFT
Utara;14;10;SOFT
Utara;15;10;SOFT
Utara;16;15;SOFT
Utara;17;10;SOFT
Utara;18;12;SOFT
Utara;19;150;VERY STIFF
Utara;20;70;STIFF
Utara;21;95;VERY STIFF
Timur;1;7;VERY SOFT
Timur;2;7;VERY SOFT
Timur;3;6;VERY SOFT
Timur;4;7;VERY SOFT
Timur;5;10;SOFT
Timur;6;5;VERY SOFT
Timur;7;4;VERY SOFT
Timur;8;5;VERY SOFT
Timur;9;5;VERY SOFT
Timur;10;7;VERY SOFT
Timur;11;10;SOFT
Timur;12;10;SOFT
Timur;13;10;SOFT
Timur;14;10;SOFT
Timur;15;10;SOFT
Timur;16;10;SOFT
Timur;17;15;SOFT
Timur;18;25;MEDIUM
Timur;19;40;STIFF
Timur;20;50;STIFF
Timur;21;60;STIFF
Timur;22;45;STIFF
Timur;23;45;STIFF
Barat;1;3;VERY SOFT
Barat;2;8;VERY SOFT
Barat;3;15;SOFT
Barat;4;20;MEDIUM
Barat;5;18;SOFT
Barat;6;25;MEDIUM
Barat;7;25;MEDIUM
Barat;8;30;MEDIUM
Barat;9;25;MEDIUM
Barat;10;30;MEDIUM
Barat;11;40;STIFF
Barat;12;40;STIFF
Barat;13;40;STIFF
Barat;14;45;STIFF
Selatan;1;5;VERY SOFT
Selatan;2;10;SOFT
Selatan;3;10;SOFT
Selatan;4;15;SOFT
Selatan;5;15;SOFT
Selatan;6;10;SOFT
Selatan;7;15;SOFT
Selatan;8;20;MEDIUM
Selatan;9;30;MEDIUM
Selatan;10;35;MEDIUM
Selatan;11;45;STIFF
Selatan;12;40;STIFF
Selatan;13;50;STIFF
Selatan;14;50;STIFF
Selatan;15;53;STIFF
Selatan;16;55;STIFF
Selatan;17;65;STIFF
Selatan;18;60;STIFF
Selatan;1;5;VERY SOFT
Selatan;2;3;VERY SOFT
Selatan;3;5;VERY SOFT
Selatan;4;4;VERY SOFT
Selatan;5;5;VERY SOFT
Selatan;6;8;VERY SOFT
Selatan;7;10;SOFT
Selatan;8;11;SOFT
Selatan;9;13;SOFT
Selatan;10;15;SOFT
Selatan;11;20;MEDIUM
Selatan;12;25;MEDIUM
Selatan;13;25;MEDIUM
Selatan;14;30;MEDIUM
Selatan;15;50;STIFF
Selatan;16;50;STIFF
Timur;1;0;VERY SOFT
Timur;2;7;VERY SOFT
Timur;3;3;VERY SOFT
Timur;4;3;VERY SOFT
Timur;5;4;VERY SOFT
Timur;6;4;VERY SOFT
Timur;7;5;VERY SOFT
Timur;8;5;VERY SOFT
Timur;9;15;SOFT
Timur;10;70;STIFF
Timur;11;150;VERY STIFF
Timur;12;170;HARD
Utara;1;0;VERY SOFT
Utara;2;3;VERY SOFT
Utara;3;10;SOFT
Utara;4;3;VERY SOFT
Utara;5;5;VERY SOFT
Utara;6;3;VERY SOFT
Utara;7;4;VERY SOFT
Utara;8;3;VERY SOFT
Utara;9;5;VERY SOFT
Utara;10;5;VERY SOFT
Utara;11;5;VERY SOFT
Utara;12;10;SOFT
Utara;13;8;VERY SOFT
Utara;14;8;VERY SOFT
Utara;15;75;STIFF
Timur;1;0;VERY SOFT
Timur;2;20;MEDIUM
Timur;3;6;VERY SOFT
Timur;4;100;VERY STIFF
Timur;5;155;HARD
Timur;6;70;STIFF
Timur;7;130;VERY STIFF
Barat;1;4;VERY SOFT
Barat;2;40;STIFF
Barat;3;180;HARD
Selatan;1;0;VERY SOFT
Selatan;2;4;VERY SOFT
Selatan;3;10;SOFT
Selatan;4;5;VERY SOFT
Selatan;5;5;VERY SOFT
Selatan;6;60;STIFF
Selatan;7;50;STIFF
Selatan;8;70;STIFF
Selatan;9;10;SOFT
Selatan;10;50;STIFF
Selatan;11;40;STIFF
Selatan;12;45;STIFF
Selatan;13;100;VERY STIFF
Selatan;14;80;VERY STIFF
Selatan;15;75;STIFF
Selatan;16;65;STIFF
Selatan;17;120;VERY STIFF
Selatan;18;85;VERY STIFF
Selatan;19;100;VERY STIFF
Selatan;20;120;VERY STIFF
Barat;1;3;VERY SOFT
Barat;2;7;VERY SOFT
Barat;3;5;VERY SOFT
Barat;4;10;SOFT
Barat;5;5;VERY SOFT
Barat;6;20;MEDIUM
Barat;7;30;MEDIUM
Barat;8;40;STIFF
Barat;9;35;MEDIUM
Barat;10;30;MEDIUM
Barat;11;180;HARD
Barat;12;45;STIFF
Barat;13;50;STIFF
Barat;14;60;STIFF
Barat;15;80;VERY STIFF
Barat;16;85;VERY STIFF
Barat;17;90;VERY STIFF
Barat;18;85;VERY STIFF
Barat;19;90;VERY STIFF
Timur;1;5;VERY SOFT
Timur;2;3;VERY SOFT
Timur;3;2;VERY SOFT
Timur;4;6;VERY SOFT
Timur;5;3;VERY SOFT
Timur;6;5;VERY SOFT
Timur;7;4;VERY SOFT
Timur;8;3;VERY SOFT
Timur;9;3;VERY SOFT
Timur;10;5;VERY SOFT
Timur;11;7;VERY SOFT
Timur;12;5;VERY SOFT
Timur;13;5;VERY SOFT
Timur;14;6;VERY SOFT
Timur;15;5;VERY SOFT
Timur;16;15;SOFT
Timur;17;30;MEDIUM
Timur;18;35;MEDIUM
Timur;19;35;MEDIUM
Timur;20;45;STIFF
Timur;21;45;STIFF
Timur;22;40;STIFF
Timur;23;100;STIFF
Timur;1;0;VERY SOFT
Timur;2;2;VERY SOFT
Timur;3;2;VERY SOFT
Timur;4;2;VERY SOFT
Timur;5;3;VERY SOFT
Timur;6;4;VERY SOFT
Timur;7;4;VERY SOFT
Timur;8;4;VERY SOFT
Timur;9;5;VERY SOFT
Timur;10;7;VERY SOFT
Timur;11;6;VERY SOFT
Timur;12;6;VERY SOFT
Timur;13;5;VERY SOFT
Timur;14;7;VERY SOFT
Timur;15;10;SOFT
Timur;16;10;SOFT
Timur;17;10;SOFT
Timur;18;15;SOFT
Timur;19;20;MEDIUM
Timur;20;20;MEDIUM
Timur;21;30;MEDIUM
Selatan;1;40;STIFF
Selatan;2;15;SOFT
Selatan;3;15;SOFT
Selatan;4;15;SOFT
Selatan;5;15;SOFT
Selatan;6;70;STIFF
Selatan;7;65;STIFF
Selatan;8;75;STIFF
Selatan;9;60;STIFF
Selatan;10;55;STIFF
Selatan;11;80;VERY STIFF
Selatan;12;90;VERY STIFF
Selatan;13;80;VERY STIFF
Selatan;14;85;VERY STIFF
Selatan;15;75;STIFF
Selatan;16;80;VERY STIFF
Timur;1;0;VERY SOFT
Timur;2;2;VERY SOFT
Timur;3;3;VERY SOFT
Timur;4;5;VERY SOFT
Timur;5;5;VERY SOFT
Timur;6;10;SOFT
Timur;7;15;SOFT
Timur;8;5;VERY SOFT
Timur;9;6;VERY SOFT
Timur;10;5;VERY SOFT
Timur;11;5;VERY SOFT
Timur;12;6;VERY SOFT
Timur;13;10;SOFT
Timur;14;13;SOFT
Timur;15;11;SOFT
Timur;16;10;SOFT
Timur;17;15;SOFT
Timur;18;18;SOFT
Timur;19;15;SOFT
Timur;20;10;SOFT
Timur;21;11;SOFT
Timur;22;13;SOFT
Timur;23;12;SOFT
Timur;24;20;MEDIUM
Timur;25;15;SOFT
Timur;26;15;SOFT
Timur;27;25;MEDIUM
Timur;28;25;MEDIUM
Timur;29;30;MEDIUM
Timur;30;40;STIFF
Timur;1;0;VERY SOFT
Timur;2;5;VERY SOFT
Timur;3;3;VERY SOFT
Timur;4;5;VERY SOFT
Timur;5;7;VERY SOFT
Timur;6;7;VERY SOFT
Timur;7;5;VERY SOFT
Timur;8;3;VERY SOFT
Timur;9;6;VERY SOFT
Timur;10;3;VERY SOFT
Timur;11;5;VERY SOFT
Timur;12;5;VERY SOFT
Timur;13;6;VERY SOFT
Timur;14;5;VERY SOFT
Timur;15;5;VERY SOFT
Timur;16;8;VERY SOFT
Timur;17;10;SOFT
Timur;18;10;SOFT
Timur;19;15;SOFT
Timur;20;10;SOFT
Timur;21;15;SOFT
Timur;22;15;SOFT
Timur;23;15;SOFT
Timur;24;20;MEDIUM
Timur;25;20;MEDIUM
Timur;26;20;MEDIUM
Timur;27;25;MEDIUM
Timur;28;20;MEDIUM
Timur;29;30;MEDIUM
Timur;30;25;MEDIUM
Selatan;1;10;SOFT
Selatan;2;3;VERY SOFT
Selatan;3;5;VERY SOFT
Selatan;4;4;VERY SOFT
Selatan;5;3;VERY SOFT
Selatan;6;4;VERY SOFT
Selatan;7;3;VERY SOFT
Selatan;8;6;VERY SOFT
Selatan;9;7;VERY SOFT
Selatan;10;6;VERY SOFT
Selatan;11;5;VERY SOFT
Selatan;12;7;VERY SOFT
Selatan;13;8;VERY SOFT
Selatan;14;10;SOFT
Selatan;15;7;VERY SOFT
Selatan;16;10;SOFT
Selatan;17;15;SOFT
Selatan;18;18;SOFT
Selatan;19;20;MEDIUM
Selatan;20;25;MEDIUM
Selatan;21;30;MEDIUM
Selatan;22;40;STIFF
Selatan;23;45;STIFF
Selatan;24;60;STIFF
Selatan;25;60;STIFF
Selatan;26;65;STIFF
Selatan;27;60;STIFF
Barat;1;10;SOFT
Barat;2;7;VERY SOFT
Barat;3;10;SOFT
Barat;4;10;SOFT
Barat;5;13;SOFT
Barat;6;15;SOFT
Barat;7;20;MEDIUM
Barat;8;20;MEDIUM
Barat;9;35;MEDIUM
Barat;10;35;MEDIUM
Barat;11;45;STIFF
Timur;1;2;VERY SOFT
Timur;2;3;VERY SOFT
Timur;3;4;VERY SOFT
Timur;4;3;VERY SOFT
Timur;5;3;VERY SOFT
Timur;6;4;VERY SOFT
Timur;7;5;VERY SOFT
Timur;8;10;SOFT
Timur;9;7;VERY SOFT
Timur;10;5;VERY SOFT
Timur;11;6;VERY SOFT
Timur;12;7;VERY SOFT
Timur;13;5;VERY SOFT
Timur;14;10;SOFT
Timur;15;10;SOFT
Timur;16;11;SOFT
Timur;17;15;SOFT
Timur;18;45;STIFF
Timur;19;45;STIFF
Timur;20;45;STIFF
Timur;21;150;VERY STIFF
Timur;22;100;VERY STIFF
Timur;23;110;VERY STIFF
Timur;24;85;VERY STIFF
Timur;25;120;VERY STIFF
Timur;26;130;VERY STIFF
Timur;27;135;VERY STIFF
Selatan;1;0;VERY SOFT
Selatan;2;10;SOFT
Selatan;3;10;SOFT
Selatan;4;4;VERY SOFT
Selatan;5;35;MEDIUM
Selatan;6;20;MEDIUM
Selatan;7;60;STIFF
Selatan;8;15;SOFT
Selatan;9;8;VERY SOFT
Selatan;10;6;VERY SOFT
Selatan;11;11;SOFT
Selatan;12;15;SOFT
Selatan;13;20;MEDIUM
Selatan;14;40;STIFF
Selatan;15;25;MEDIUM
Selatan;16;60;STIFF
Selatan;17;70;STIFF
Selatan;18;150;VERY STIFF
Selatan;19;250;HARD
Barat;1;3;VERY SOFT
Barat;2;3;VERY SOFT
Barat;3;4;VERY SOFT
Barat;4;10;SOFT
Barat;5;10;SOFT
Barat;6;40;STIFF
Barat;7;65;STIFF
Barat;8;10;SOFT
Barat;9;15;SOFT
Barat;10;20;MEDIUM
Barat;11;25;MEDIUM
Barat;12;15;SOFT
Barat;13;25;MEDIUM
Barat;14;35;MEDIUM
Barat;15;25;MEDIUM
Barat;16;40;STIFF
Barat;17;40;STIFF
Barat;18;80;VERY STIFF
Barat;19;110;VERY STIFF
Barat;20;150;VERY STIFF
Barat;21;165;HARD
Selatan;1;5;VERY SOFT
Selatan;2;7;VERY SOFT
Selatan;3;15;SOFT
Selatan;4;7;VERY SOFT
Selatan;5;10;SOFT
Selatan;6;7;VERY SOFT
Selatan;7;5;VERY SOFT
Selatan;8;4;VERY SOFT
Selatan;9;5;VERY SOFT
Selatan;10;7;VERY SOFT
Selatan;11;8;VERY SOFT
Selatan;12;25;MEDIUM
Selatan;13;25;MEDIUM
Selatan;14;25;MEDIUM
Selatan;15;35;MEDIUM
Selatan;16;40;STIFF
Selatan;17;50;STIFF
Selatan;18;95;VERY STIFF
Selatan;19;60;STIFF
Selatan;20;55;STIFF
Selatan;21;65;STIFF
Selatan;1;3;VERY SOFT
Selatan;2;7;VERY SOFT
Selatan;3;5;VERY SOFT
Selatan;4;6;VERY SOFT
Selatan;5;3;VERY SOFT
Selatan;6;5;VERY SOFT
Selatan;7;7;VERY SOFT
Selatan;8;3;VERY SOFT
Selatan;9;7;VERY SOFT
Selatan;10;10;SOFT
Selatan;11;10;SOFT
Selatan;12;12;SOFT
Selatan;13;10;SOFT
Selatan;14;10;SOFT
Selatan;15;25;MEDIUM
Selatan;16;25;MEDIUM
Selatan;17;40;STIFF
Selatan;18;50;STIFF
Selatan;19;60;STIFF
Selatan;20;65;STIFF
Selatan;21;50;STIFF
Selatan;22;60;STIFF
Selatan;1;5;VERY SOFT
Selatan;2;10;SOFT
Selatan;3;10;SOFT
Selatan;4;20;MEDIUM
Selatan;5;20;MEDIUM
Selatan;6;5;VERY SOFT
Selatan;7;10;SOFT
Selatan;8;40;STIFF
Selatan;9;15;SOFT
Selatan;10;10;SOFT
Selatan;11;8;VERY SOFT
Selatan;12;20;MEDIUM
Selatan;13;10;SOFT
Selatan;14;10;SOFT
Selatan;15;10;SOFT
Selatan;16;15;SOFT
Selatan;17;20;MEDIUM
Selatan;18;30;MEDIUM
Selatan;19;20;MEDIUM
Selatan;20;30;MEDIUM
Selatan;21;35;MEDIUM
Selatan;22;40;STIFF
Timur;1;5;VERY SOFT
Timur;2;5;VERY SOFT
Timur;3;3;VERY SOFT
Timur;4;7;VERY SOFT
Timur;5;10;SOFT
Timur;6;5;VERY SOFT
Timur;7;5;VERY SOFT
Timur;8;6;VERY SOFT
Timur;9;8;VERY SOFT
Timur;10;10;SOFT
Timur;11;5;VERY SOFT
Timur;12;8;VERY SOFT
Timur;13;10;SOFT
Timur;14;10;SOFT
Timur;15;25;MEDIUM
Timur;16;30;MEDIUM
Timur;17;40;STIFF
Timur;18;45;STIFF
Timur;19;30;MEDIUM
Timur;20;150;VERY STIFF
Selatan;1;20;MEDIUM
Selatan;2;35;MEDIUM
Selatan;3;40;STIFF
Selatan;4;45;STIFF
Selatan;5;50;STIFF
Selatan;6;55;STIFF
Selatan;7;60;STIFF
Selatan;8;80;VERY STIFF
Selatan;9;85;VERY STIFF
Selatan;10;95;VERY STIFF
Selatan;11;80;VERY STIFF
Selatan;12;100;VERY STIFF
Utara;1;3;VERY SOFT
Utara;2;5;VERY SOFT
Utara;3;5;VERY SOFT
Utara;4;4;VERY SOFT
Utara;5;3;VERY SOFT
Utara;6;4;VERY SOFT
Utara;7;3;VERY SOFT
Utara;8;15;SOFT
Utara;9;40;STIFF
Utara;10;90;VERY STIFF
Utara;11;80;VERY STIFF
Utara;12;100;VERY STIFF
Utara;13;50;STIFF
Utara;14;185;HARD
Selatan;1;3;VERY SOFT
Selatan;2;6;VERY SOFT
Selatan;3;5;VERY SOFT
Selatan;4;10;SOFT
Selatan;5;50;STIFF
Selatan;6;200;HARD
Selatan;7;35;MEDIUM
Selatan;8;3;VERY SOFT
Selatan;9;25;MEDIUM
Selatan;10;50;STIFF
Selatan;11;40;STIFF
Selatan;12;80;VERY STIFF
Selatan;13;200;HARD
Utara;1;3;VERY SOFT
Utara;2;2;VERY SOFT
Utara;3;3;VERY SOFT
Utara;4;3;VERY SOFT
Utara;5;2;VERY SOFT
Utara;6;3;VERY SOFT
Utara;7;4;VERY SOFT
Utara;8;6;VERY SOFT
Utara;9;5;VERY SOFT
Utara;10;5;VERY SOFT
Utara;11;10;SOFT
Utara;12;35;MEDIUM
Utara;13;100;VERY STIFF
Utara;14;140;VERY STIFF
Selatan;1;5;VERY SOFT
Selatan;2;15;SOFT
Selatan;3;15;SOFT
Selatan;4;15;SOFT
Selatan;5;30;MEDIUM
Selatan;6;25;MEDIUM
Selatan;7;30;MEDIUM
Selatan;8;35;MEDIUM
Selatan;9;40;STIFF
Selatan;10;45;STIFF
Selatan;11;50;STIFF
Selatan;12;60;STIFF
Selatan;13;65;STIFF
Selatan;14;75;STIFF
Selatan;15;90;VERY STIFF
Timur;2;7;VERY SOFT
Timur;3;5;VERY SOFT
Timur;4;4;VERY SOFT
Timur;5;5;VERY SOFT
Timur;6;5;VERY SOFT
Timur;7;7;VERY SOFT
Timur;8;6;VERY SOFT
Timur;9;8;VERY SOFT
Timur;10;10;SOFT
Timur;11;15;SOFT
Timur;12;10;SOFT
Timur;13;50;STIFF
Timur;14;70;STIFF
Timur;15;80;VERY STIFF
Timur;16;80;VERY STIFF
Timur;17;60;STIFF
Timur;18;80;VERY STIFF
Timur;19;85;VERY STIFF
Timur;20;130;VERY STIFF
Timur;21;100;VERY STIFF
Timur;22;110;VERY STIFF
Timur;23;130;VERY STIFF
Timur;24;110;VERY STIFF
Timur;25;100;VERY STIFF
Timur;26;150;VERY STIFF
Timur;2;13;SOFT
Timur;3;10;SOFT
Timur;4;5;VERY SOFT
Timur;5;5;VERY SOFT
Timur;6;4;VERY SOFT
Timur;7;5;VERY SOFT
Timur;8;20;MEDIUM
Timur;9;40;STIFF
Timur;10;50;STIFF
Timur;11;50;STIFF
Timur;12;65;STIFF
Timur;13;55;STIFF
Timur;14;65;STIFF
Timur;15;70;STIFF
Timur;16;80;VERY STIFF
Timur;17;75;STIFF
Timur;18;70;STIFF
Timur;19;80;VERY STIFF
Timur;20;85;VERY STIFF
Timur;1;3;VERY SOFT
Timur;2;2;VERY SOFT
Timur;3;5;VERY SOFT
Timur;4;5;VERY SOFT
Timur;5;4;VERY SOFT
Timur;6;5;VERY SOFT
Timur;7;4;VERY SOFT
Timur;8;10;SOFT
Timur;9;15;SOFT
Timur;10;15;SOFT
Timur;11;10;SOFT
Timur;12;80;VERY STIFF
Timur;13;80;VERY STIFF
Timur;14;90;VERY STIFF
Timur;15;45;STIFF
Timur;16;50;STIFF
Timur;17;110;VERY STIFF
Timur;18;140;VERY STIFF
Timur;19;130;VERY STIFF
Timur;20;110;VERY STIFF
Timur;21;100;VERY STIFF
Timur;22;80;VERY STIFF
Timur;23;90;VERY STIFF
